web_scraper_order,web_scraper_start_url,title,bid-id,due-date,stage
"1784987646-1","https://pbsystem.planetbids.com/portal/15300/bo/bo-search","Style 1 Decorative Poles w/o Anchor Bolts","B27151951002","07/30/2026 02:00pm","Bidding"
"1784987646-2","https://pbsystem.planetbids.com/portal/15300/bo/bo-search","Mangan Park Walkway Improvements","B26191121026","08/05/2026 02:00pm","Bidding"
"1784987646-3","https://pbsystem.planetbids.com/portal/15300/bo/bo-search","Lampasas Ave & Rio Linda Blvd Project","B2715111101","08/05/2026 02:00pm","Bidding"
"1784987646-4","https://pbsystem.planetbids.com/portal/15300/bo/bo-search","Contact Center Replacement","P27071011001","08/07/2026 02:00pm","Bidding"
"1784987646-5","https://pbsystem.planetbids.com/portal/15300/bo/bo-search","KINNEY POLICE FACILITY HVAC IMPROVEMENTS","B26014541003","08/12/2026 02:00pm","Bidding"
"1784987646-6","https://pbsystem.planetbids.com/portal/15300/bo/bo-search","Earl Warren Park Playground Replacement","B26191121027","08/13/2026 02:00pm","Bidding"
"1784987646-7","https://pbsystem.planetbids.com/portal/15300/bo/bo-search","Energy Management Plan Development","P26141363016","08/13/2026 03:00pm","Bidding"
"1784987646-8","https://pbsystem.planetbids.com/portal/15300/bo/bo-search","On-Call Coating Specialists 2026-31","Q26141311015","08/20/2026 03:00pm","Bidding"
"1784987646-9","https://pbsystem.planetbids.com/portal/15300/bo/bo-search","Heavy Duty Tow Rotation Program","Q24211313004","06/30/2028 05:00pm","Bidding"
"1784987646-10","https://pbsystem.planetbids.com/portal/15300/bo/bo-search","Pedestrian Crossing at R Street and 29th/30th Streets","P26151111027","07/23/2026 02:00pm","Closed"
"1784987646-11","https://pbsystem.planetbids.com/portal/15300/bo/bo-search","2” Aluminum scheduled 40 pipe","B27151931002","07/21/2026 02:00pm","Closed"
"1784987646-12","https://pbsystem.planetbids.com/portal/15300/bo/bo-search","Traffic Signal and Street Light Maintenance, Repair, and Modification","Q26151111028","07/20/2026 04:00pm","Closed"
"1784987646-13","https://pbsystem.planetbids.com/portal/15300/bo/bo-search","Homekey+ Permanent Supportive Housing","Q26021451003","07/10/2026 12:00pm","Closed"
"1784987646-14","https://pbsystem.planetbids.com/portal/15300/bo/bo-search","North Natomas Regional Park (Great Meadow)","B26191121025","07/08/2026 02:00pm","Award Pending"
"1784987646-15","https://pbsystem.planetbids.com/portal/15300/bo/bo-search","Sacramento Last Mile Project Package 2","B26151111026","07/08/2026 02:00pm","Closed"
"1784987646-16","https://pbsystem.planetbids.com/portal/15300/bo/bo-search","Traffic Signal Safety Project","P26151111025","07/08/2026 02:00pm","Closed"
"1784987646-17","https://pbsystem.planetbids.com/portal/15300/bo/bo-search","On-Call Maintenance Services","SPLBID1199","07/07/2026 01:00pm","Closed"
"1784987646-18","https://pbsystem.planetbids.com/portal/15300/bo/bo-search","Urban Forestry Education and Engagement","P26151111024","07/01/2026 04:00pm","Closed"
"1784987646-19","https://pbsystem.planetbids.com/portal/15300/bo/bo-search","As-Needed Purchase of Ready-Mixed Concrete","B26151651021","07/01/2026 02:00pm","Closed"
"1784987646-20","https://pbsystem.planetbids.com/portal/15300/bo/bo-search","Temporary Fencing Services","B26211311001","06/29/2026 12:00pm","Awarded"
"1784987646-21","https://pbsystem.planetbids.com/portal/15300/bo/bo-search","Commercial Waste Compliance Outreach Services","P26155711004","06/26/2026 05:00pm","Closed"
"1784987646-22","https://pbsystem.planetbids.com/portal/15300/bo/bo-search","Citywide Recruitment Services","P26081041002","06/26/2026 05:00pm","Closed"
"1784987646-23","https://pbsystem.planetbids.com/portal/15300/bo/bo-search","Voluntary Accident, Critical Illness, and Hospital Indemnity Plan","P26081021001","06/26/2026 05:00pm","Closed"
"1784987646-24","https://pbsystem.planetbids.com/portal/15300/bo/bo-search","ON CALL PROFESSIONAL SERVICES- Real Estate Brokerage Services","Q26014541002","06/25/2026 02:00pm","Closed"
"1784987646-25","https://pbsystem.planetbids.com/portal/15300/bo/bo-search","Creative Services for Outreach","P26155711003","06/24/2026 05:00pm","Closed"
"1784987646-26","https://pbsystem.planetbids.com/portal/15300/bo/bo-search","Granite Park Soccer Field Fencing & Paving Project","B26191121024","06/24/2026 02:00pm","Award Pending"
"1784987646-27","https://pbsystem.planetbids.com/portal/15300/bo/bo-search","Basin 111 Manhole Installation Project","B26141324013","06/24/2026 02:00pm","Awarded"
"1784987646-28","https://pbsystem.planetbids.com/portal/15300/bo/bo-search","La Mancha Way Valley HI Drive Corridor Improvements","B26151111023","06/24/2026 02:00pm","Closed"
"1784987646-29","https://pbsystem.planetbids.com/portal/15300/bo/bo-search","Trucking Services in Support of Minor Street Repairs","B26151631022","06/23/2026 02:00pm","Awarded"
"1784987646-30","https://pbsystem.planetbids.com/portal/15300/bo/bo-search","Integrated AV Maintenance & Repair – Meyer System at the SAFE Credit Union Performing Arts Center","B26171121005","06/23/2026 02:00pm","Canceled"
"1784987646-31","https://pbsystem.planetbids.com/portal/15300/bo/bo-search","Sacramento Marina Operational & Financial Sustainability Consulting","P26152011001","06/18/2026 05:09pm","Award Pending"
"1784987646-32","https://pbsystem.planetbids.com/portal/15300/bo/bo-search","Landfill and Waste Disposal Services","B26151631020","06/17/2026 02:00pm","Awarded"
"1784987646-33","https://pbsystem.planetbids.com/portal/15300/bo/bo-search","Westlake Sluice Gates Replacement Project","B26141324014","06/17/2026 02:00pm","Award Pending"
"1784987646-34","https://pbsystem.planetbids.com/portal/15300/bo/bo-search","Strategic Marketing & Outreach Program Promotor Incentive Program","P26171011001","06/17/2026 02:00pm","Award Pending"
"1784987646-35","https://pbsystem.planetbids.com/portal/15300/bo/bo-search","City College Reservoir Transmission Main Project","P26141322012","06/15/2026 03:00pm","Award Pending"
"1784987646-36","https://pbsystem.planetbids.com/portal/15300/bo/bo-search","VEHICLE UPFIT ACCESSORIES, WINDOW TINT AND INSTALLATION SERVICES","B26153311018","06/12/2026 03:00pm","Awarded"
"1784987646-37","https://pbsystem.planetbids.com/portal/15300/bo/bo-search","Vision Zero School Safety Project","B26151111022","06/10/2026 02:00pm","Award Pending"
"1784987646-38","https://pbsystem.planetbids.com/portal/15300/bo/bo-search","Arcade Creek Bridge at Watt Ave Scour Repair","B26151111021","06/10/2026 02:00pm","Closed"
"1784987646-39","https://pbsystem.planetbids.com/portal/15300/bo/bo-search","OLD SACRAMENTO BOARDWALK REPLACEMENT","Q26014541001","06/09/2026 02:00pm","Closed"
"1784987646-40","https://pbsystem.planetbids.com/portal/15300/bo/bo-search","Aggie Square Workforce Program Case Management and Wraparound Services","P26021411003","06/08/2026 03:00pm","Closed"
"1784987646-41","https://pbsystem.planetbids.com/portal/15300/bo/bo-search","28th and B Skate Park Operations","P26191531003","06/05/2026 02:00pm","Awarded"
"1784987646-42","https://pbsystem.planetbids.com/portal/15300/bo/bo-search","Herbicide Application for City Owned Vacant Lots","B26151681017","06/03/2026 02:00pm","Awarded"
"1784987646-43","https://pbsystem.planetbids.com/portal/15300/bo/bo-search","City Owned Vacant Lots Streetscapes Maintenance","B26151681016","06/03/2026 02:00pm","Awarded"
"1784987646-44","https://pbsystem.planetbids.com/portal/15300/bo/bo-search","Richards Boulevard Drainage Improvements","B26141311011","06/03/2026 02:00pm","Award Pending"
"1784987646-45","https://pbsystem.planetbids.com/portal/15300/bo/bo-search","Bertha Henschel Park Restroom & Basketball Court Improvements","B26191121023","06/03/2026 02:00pm","Award Pending"
"1784987646-46","https://pbsystem.planetbids.com/portal/15300/bo/bo-search","Heavy Duty Tow Rotation Program","Q24211313004","06/01/2026 04:00pm","Closed"
"1784987646-47","https://pbsystem.planetbids.com/portal/15300/bo/bo-search","Cove Park Shade Canopy","B26191121022","05/28/2026 02:00pm","Awarded"
"1784987646-48","https://pbsystem.planetbids.com/portal/15300/bo/bo-search","Citywide Recruitment Services","P26081041001","05/27/2026 05:00pm","Canceled"
"1784987646-49","https://pbsystem.planetbids.com/portal/15300/bo/bo-search","West Natomas Central Streetscapes Maintenance","B26151681019","05/27/2026 02:00pm","Awarded"
"1784987646-50","https://pbsystem.planetbids.com/portal/15300/bo/bo-search","Parkebdrige Streetscapes Maintenance","B26151681018","05/27/2026 02:00pm","Awarded"
"1784987646-51","https://pbsystem.planetbids.com/portal/15300/bo/bo-search","City Hall Complex Streetscapes Maintenance","B26151681015","05/27/2026 02:00pm","Closed"
"1784987646-52","https://pbsystem.planetbids.com/portal/15300/bo/bo-search","Combined Waste Treatment Plant Chemical Tank Replacement","B26141151809","05/27/2026 02:00pm","Award Pending"
"1784987646-53","https://pbsystem.planetbids.com/portal/15300/bo/bo-search","Arden Way CMP Storm Drains Replacement","B26141324010","05/27/2026 02:00pm","Award Pending"
"1784987646-54","https://pbsystem.planetbids.com/portal/15300/bo/bo-search","Carlson Drive Rehabilitation Project","B26151111020","05/20/2026 02:00pm","Awarded"
"1784987646-55","https://pbsystem.planetbids.com/portal/15300/bo/bo-search","Northgate Blvd Fence Replacement Phase 1 (Rebid)","B26151111019","05/20/2026 12:23pm","Awarded"
"1784987646-56","https://pbsystem.planetbids.com/portal/15300/bo/bo-search","Specialty Weed Control for City Parks","B26191311005","05/13/2026 02:00pm","Closed"
"1784987646-57","https://pbsystem.planetbids.com/portal/15300/bo/bo-search","Creative Services for Outreach","P26155711001","05/11/2026 05:00pm","Canceled"
"1784987646-58","https://pbsystem.planetbids.com/portal/15300/bo/bo-search","Stockton Boulevard Housing Stabilization","Q26021451002","05/11/2026 03:00pm","Award Pending"
"1784987646-59","https://pbsystem.planetbids.com/portal/15300/bo/bo-search","Landfill and Waste Disposal Services","B26151811014","05/06/2026 02:02pm","Awarded"
"1784987646-60","https://pbsystem.planetbids.com/portal/15300/bo/bo-search","Landscape Maintenance Services Old Sacramento District","B26171911001","05/06/2026 02:00pm","Awarded"
"1784987646-61","https://pbsystem.planetbids.com/portal/15300/bo/bo-search","ServiceNow  Professional Services","P26071011006","05/06/2026 02:00pm","Closed"
"1784987646-62","https://pbsystem.planetbids.com/portal/15300/bo/bo-search","Destruction of Narcotics & Narcotic Paraphernalia (ON-SITE)","P261100135105","05/05/2026 05:00pm","Closed"
"1784987646-63","https://pbsystem.planetbids.com/portal/15300/bo/bo-search","Destruction of Narcotics & Narcotic Paraphernalia (OFF-SITE)","P261100135101","05/05/2026 05:00pm","Closed"
"1784987646-64","https://pbsystem.planetbids.com/portal/15300/bo/bo-search","Request for Qualifications for Arbitrage Consultant","Q26051011001","05/04/2026 04:00pm","Closed"
"1784987646-65","https://pbsystem.planetbids.com/portal/15300/bo/bo-search","Food Literacy Floyd (Urban) Farm Community Action Plan","P26211222001","04/29/2026 05:00pm","Award Pending"
"1784987646-66","https://pbsystem.planetbids.com/portal/15300/bo/bo-search","Alley Dust Off Services","B26151631013","04/29/2026 02:00pm","Closed"
"1784987646-67","https://pbsystem.planetbids.com/portal/15300/bo/bo-search","St Lukes Detention Basin Project","B26141324008","04/29/2026 02:00pm","Award Pending"
"1784987646-68","https://pbsystem.planetbids.com/portal/15300/bo/bo-search","Drainage & Wastewater Jetting & Rodding Supplies","B26141451413","04/29/2026 02:00pm","Award Pending"
"1784987646-69","https://pbsystem.planetbids.com/portal/15300/bo/bo-search","Vehicle Body and Upfitting Services","B26153311016","04/29/2026 02:00pm","Awarded"
"1784987646-70","https://pbsystem.planetbids.com/portal/15300/bo/bo-search","Police Department Records Unit Audit","P261100108104","04/28/2026 05:00pm","Closed"
"1784987646-71","https://pbsystem.planetbids.com/portal/15300/bo/bo-search","Sacramento Fire Background Investigations","P26121331003","04/27/2026 04:00pm","Awarded"
"1784987646-72","https://pbsystem.planetbids.com/portal/15300/bo/bo-search","Parking Lot Greening Guidebook","P26151111018","04/24/2026 04:00pm","Awarded"
"1784987646-73","https://pbsystem.planetbids.com/portal/15300/bo/bo-search","Loose-Fill Surface Material for Park Playgrounds","B26191311006","04/22/2026 02:00pm","Awarded"
"1784987646-74","https://pbsystem.planetbids.com/portal/15300/bo/bo-search","Purchase of Chainsaws & other Small Equipment","B26151811012","04/21/2026 02:00pm","Awarded"
"1784987646-75","https://pbsystem.planetbids.com/portal/15300/bo/bo-search","ServiceNow Technical Services","P26071011005","04/17/2026 02:00pm","Canceled"
"1784987646-76","https://pbsystem.planetbids.com/portal/15300/bo/bo-search","North 5th Street Parallel Storm Trunk Main Project","Q26141324007","04/16/2026 12:00pm","Closed"
"1784987646-77","https://pbsystem.planetbids.com/portal/15300/bo/bo-search","Sump 117 Electrical Improvements","B26141363006","04/15/2026 02:00pm","Awarded"
"1784987646-78","https://pbsystem.planetbids.com/portal/15300/bo/bo-search","PURCHASE OF AGGREGATES, ASPHALT CONCRETE (HOT MIX ASPHALT), AND RELATED MATERIALS","B26151631011","04/15/2026 02:00pm","Awarded"
"1784987646-79","https://pbsystem.planetbids.com/portal/15300/bo/bo-search","On-Call Contractor Services for Signing and Striping Installation","Q26151111017","04/10/2026 04:00pm","Awarded"
"1784987646-80","https://pbsystem.planetbids.com/portal/15300/bo/bo-search","Del Paso Heights Town Center Reuse and Revitalization Plan","P26021411001","04/10/2026 04:00pm","Award Pending"
"1784987646-81","https://pbsystem.planetbids.com/portal/15300/bo/bo-search","CWTP Condition Assessment and BCE - REBID","P26141323005","04/10/2026 03:00pm","Award Pending"
"1784987646-82","https://pbsystem.planetbids.com/portal/15300/bo/bo-search","Digital Marketing Services: SEO, Google Ads Management, and Social Media Marketing","P26171121001","04/10/2026 02:00pm","Awarded"
"1784987646-83","https://pbsystem.planetbids.com/portal/15300/bo/bo-search","Landscape Maintenance of Water Treatment Plants","B26141111416","04/08/2026 02:00pm","Awarded"
"1784987646-84","https://pbsystem.planetbids.com/portal/15300/bo/bo-search","I Street Bridge Replacement Project","B26151111010","04/08/2026 02:00pm","Closed"
"1784987646-85","https://pbsystem.planetbids.com/portal/15300/bo/bo-search","Utility Network Implementation Project","P26141351707","04/07/2026 02:00pm","Award Pending"
"1784987646-86","https://pbsystem.planetbids.com/portal/15300/bo/bo-search","Citywide Storage Services","P26231021001","04/03/2026 03:00pm","Awarded"
"1784987646-87","https://pbsystem.planetbids.com/portal/15300/bo/bo-search","Fire Department Landscaping Services","B26121441002","04/02/2026 04:00pm","Awarded"
"1784987646-88","https://pbsystem.planetbids.com/portal/15300/bo/bo-search","Weed Abatement Services","Q26211313001","04/02/2026 04:00pm","Awarded"
"1784987646-89","https://pbsystem.planetbids.com/portal/15300/bo/bo-search","On-Call Underwater Diving and ROV Services for Drinking Water and Stormwater Facilities","Q26141322004","04/02/2026 03:00pm","Award Pending"
"1784987646-90","https://pbsystem.planetbids.com/portal/15300/bo/bo-search","Biohazard Remediation Services","P26081321001","04/01/2026 05:00pm","Awarded"
"1784987646-91","https://pbsystem.planetbids.com/portal/15300/bo/bo-search","On-Call Grant Writer","Q26141471415","04/01/2026 02:00pm","Award Pending"
"1784987646-92","https://pbsystem.planetbids.com/portal/15300/bo/bo-search","Northgate Boulevard Fence Replacement - Phase 1","B26151111016","04/01/2026 02:00pm","Closed"
"1784987646-93","https://pbsystem.planetbids.com/portal/15300/bo/bo-search","PUBLIC SAFETY CENTER ROOF SECTION 3 ADDITVE ALTERNATES 4 & 8","B26014541001","04/01/2026 02:00pm","Awarded"
"1784987646-94","https://pbsystem.planetbids.com/portal/15300/bo/bo-search","Goat/Sheep Grazing Services","P26141431808","04/01/2026 02:00pm","Award Pending"
"1784987646-95","https://pbsystem.planetbids.com/portal/15300/bo/bo-search","Lower Beach Lake Berm Seepage Mitigation Project","B25141311011","04/01/2026 02:00pm","Award Pending"
"1784987646-96","https://pbsystem.planetbids.com/portal/15300/bo/bo-search","Floodgate Inspections and Technical Support","P26151111015","03/25/2026 02:00pm","Award Pending"
"1784987646-97","https://pbsystem.planetbids.com/portal/15300/bo/bo-search","Pocket Road Sewer Replacement at East Shore","B26141311004","03/18/2026 02:00pm","Award Pending"
"1784987646-98","https://pbsystem.planetbids.com/portal/15300/bo/bo-search","Freeway Underpasses Streetscapes Maintenance","B26151681010","03/17/2026 02:00pm","Awarded"
"1784987646-99","https://pbsystem.planetbids.com/portal/15300/bo/bo-search","Public Litter and Recycling Can Collection and Maintenance","P26155711002","03/16/2026 05:00pm","Award Pending"
"1784987646-100","https://pbsystem.planetbids.com/portal/15300/bo/bo-search","Quarterly Tuning and Maintenance of Estey Municipal Organ (c. 1927)","B26171121004","03/16/2026 02:00pm","Awarded"
"1784987646-101","https://pbsystem.planetbids.com/portal/15300/bo/bo-search","CWTP Condition Assessment and BCE","P26141323001","03/13/2026 03:00pm","Canceled"
"1784987646-102","https://pbsystem.planetbids.com/portal/15300/bo/bo-search","ECE Apprentice Case Management and Wraparound Services","P26021411002","03/12/2026 05:00pm","Awarded"
"1784987646-103","https://pbsystem.planetbids.com/portal/15300/bo/bo-search","Reconnecting Old North Sacramento Plan","P26151111013","03/11/2026 04:00pm","Awarded"
"1784987646-104","https://pbsystem.planetbids.com/portal/15300/bo/bo-search","Sacramento Last Mile Project Package 1","B26151111014","03/11/2026 02:00pm","Awarded"
"1784987646-105","https://pbsystem.planetbids.com/portal/15300/bo/bo-search","Pavement Condition Data Collection and Analysis","P26151111012","03/11/2026 02:00pm","Closed"
"1784987646-106","https://pbsystem.planetbids.com/portal/15300/bo/bo-search","Park Impact Fee Nexus Study Update and Park Dedication Requirements","P26191121020","03/06/2026 09:00am","Awarded"
"1784987646-107","https://pbsystem.planetbids.com/portal/15300/bo/bo-search","Request for Expressions of Interest: Strategic Development of the 102-Acre Meadowview Site","I26021411001","02/27/2026 04:00pm","Closed"
"1784987646-108","https://pbsystem.planetbids.com/portal/15300/bo/bo-search","Trash Implementation Plan Support","Q26141331003","02/26/2026 03:00pm","Awarded"
"1784987646-109","https://pbsystem.planetbids.com/portal/15300/bo/bo-search","Purchase of Electric Wire Rope Hoists, Parts, Inspection, Repair, Service, and Replacement","B26141141311","02/24/2026 02:00pm","Awarded"
"1784987646-110","https://pbsystem.planetbids.com/portal/15300/bo/bo-search","E.A. Fairbairn WTP Grit Separator Rake Arm Replacement","B2614132002","02/18/2026 02:00pm","Awarded"
"1784987646-111","https://pbsystem.planetbids.com/portal/15300/bo/bo-search","North East Commerce Streetscapes Maintenance","B26151681009","02/12/2026 02:00pm","Awarded"
"1784987646-112","https://pbsystem.planetbids.com/portal/15300/bo/bo-search","Garcia Bend Soccer Field Improvements","B26191121021","02/11/2026 02:00pm","Rejected"
"1784987646-113","https://pbsystem.planetbids.com/portal/15300/bo/bo-search","Dixieanne Alleyways Improvements Project - Phase 2","P26151111011","02/05/2026 04:00pm","Awarded"
"1784987646-114","https://pbsystem.planetbids.com/portal/15300/bo/bo-search","PURCHASE OF AGGREGATES, ASPHALT CONCRETE (HOT MIX ASPHALT), AND RELATED MATERIALS","B26141451706","02/04/2026 02:00pm","Awarded"
"1784987646-115","https://pbsystem.planetbids.com/portal/15300/bo/bo-search","Dooley Field Electrical Rehab","B2514136314","02/04/2026 02:00pm","Awarded"
"1784987646-116","https://pbsystem.planetbids.com/portal/15300/bo/bo-search","Willow Creek Streetscapes Maintenance Services","B26151681008","01/29/2026 02:00pm","Awarded"
"1784987646-117","https://pbsystem.planetbids.com/portal/15300/bo/bo-search","Riverview Streetscapes Maintenance Services","B26151681007","01/29/2026 02:00pm","Awarded"
"1784987646-118","https://pbsystem.planetbids.com/portal/15300/bo/bo-search","Corridor Streetscapes Maintenance","B26151681006","01/29/2026 02:00pm","Awarded"
"1784987646-119","https://pbsystem.planetbids.com/portal/15300/bo/bo-search","Utility Lockbox & Mailed Payment Service","P26141631410","01/28/2026 02:00pm","Awarded"
"1784987646-120","https://pbsystem.planetbids.com/portal/15300/bo/bo-search","Utility Bill Print, Presentment & Payment Services","P26141631412","01/28/2026 02:00pm","Award Pending"
"1784987646-121","https://pbsystem.planetbids.com/portal/15300/bo/bo-search","Emergency Stabilization for Families Program (ESF)","P26231031002","01/21/2026 05:00pm","Awarded"
"1784987646-122","https://pbsystem.planetbids.com/portal/15300/bo/bo-search","Trailer Removal and Destruction","P2615311013","01/21/2026 03:00pm","Canceled"
"1784987646-123","https://pbsystem.planetbids.com/portal/15300/bo/bo-search","Sacramento Fire Department Mobile Integrated Health Program (MIH)","P26121441001","01/21/2026 12:00pm","Awarded"
"1784987646-124","https://pbsystem.planetbids.com/portal/15300/bo/bo-search","CM & Inspection Services for the Sacramento Last Mile Project","P26151111009","01/20/2026 11:00am","Awarded"
"1784987646-125","https://pbsystem.planetbids.com/portal/15300/bo/bo-search","Animal Care Service - Policy and Procedures","P26211441001","01/16/2026 04:00pm","Awarded"
"1784987646-126","https://pbsystem.planetbids.com/portal/15300/bo/bo-search","Lumber & Miscellaneous Hardware for Fire Department","B26121421001","01/16/2026 12:00pm","Awarded"
"1784987646-127","https://pbsystem.planetbids.com/portal/15300/bo/bo-search","Oki Park Openspace Urban Farm","B25191121019","01/15/2026 02:00pm","Awarded"
"1784987646-128","https://pbsystem.planetbids.com/portal/15300/bo/bo-search","SUTTER’S LANDING PARK SITE, RESTROOM AND CONCESSION BUILDING","Q25014541002","01/15/2026 02:00pm","Award Pending"
"1784987646-129","https://pbsystem.planetbids.com/portal/15300/bo/bo-search","2026 Relief Wells Inspection, Testing and Rehabilitation","P25141311016","01/14/2026 02:00pm","Awarded"
"1784987646-130","https://pbsystem.planetbids.com/portal/15300/bo/bo-search","Police Department Records Division Operational Assessment","I261100108103","01/08/2026 05:00pm","Closed"
"1784987646-131","https://pbsystem.planetbids.com/portal/15300/bo/bo-search","Sam & Bonnie Pannell Community Center Standby Generator Project","C15002001","01/07/2026 02:00pm","Awarded"
"1784987646-132","https://pbsystem.planetbids.com/portal/15300/bo/bo-search","I Street Bridge Replacement Informational Flyer","B10000099","12/31/2025 03:00pm","Canceled"
"1784987646-133","https://pbsystem.planetbids.com/portal/15300/bo/bo-search","Replacement Polaris Pro XD","B26153311014","12/26/2025 03:00pm","Awarded"
"1784987646-134","https://pbsystem.planetbids.com/portal/15300/bo/bo-search","Beverage and Snack Vending Services","P26061521001","12/23/2025 12:00pm","Awarded"
"1784987646-135","https://pbsystem.planetbids.com/portal/15300/bo/bo-search","Replacement Polaris Ranger Crew","B26153311013","12/19/2025 03:00pm","Awarded"
"1784987646-136","https://pbsystem.planetbids.com/portal/15300/bo/bo-search","Permit Education & Communication Services – Entertainment Services Division","P26172011001","12/19/2025 02:00pm","Awarded"
"1784987646-137","https://pbsystem.planetbids.com/portal/15300/bo/bo-search","Tanzanite Park Lighting Project","B25191121018","12/18/2025 02:00pm","Awarded"
"1784987646-138","https://pbsystem.planetbids.com/portal/15300/bo/bo-search","City of Sacramento Audio Visual Services","P26071011001","12/17/2025 02:00pm","Awarded"
"1784987646-139","https://pbsystem.planetbids.com/portal/15300/bo/bo-search","Original Equipment Manufacturer (OEM) Parts and Repairs For Autocar","B26153311011","12/12/2025 03:00pm","Awarded"
"1784987646-140","https://pbsystem.planetbids.com/portal/15300/bo/bo-search","5G Mobile Hotspot Internet Service Erate YR 2026 (YR29) for Sacramento Public Library Authority","SPLBID1201","12/12/2025 03:00pm","Closed"
"1784987646-141","https://pbsystem.planetbids.com/portal/15300/bo/bo-search","Stockton Boulevard Housing Stabilization","Q2602145101","12/12/2025 12:00pm","Award Pending"
"1784987646-142","https://pbsystem.planetbids.com/portal/15300/bo/bo-search","English Elms Preservation","P26151811001","12/11/2025 02:00pm","Awarded"
"1784987646-143","https://pbsystem.planetbids.com/portal/15300/bo/bo-search","Utility Bill Print, Presentment & Payment Services","P26141631409","12/10/2025 02:00pm","Canceled"
"1784987646-144","https://pbsystem.planetbids.com/portal/15300/bo/bo-search","Eleanor Ave Storm Drain Modification","B25141324015","12/10/2025 02:00pm","Awarded"
"1784987646-145","https://pbsystem.planetbids.com/portal/15300/bo/bo-search","Del Rio Sewer Force Main Rehabilitation","B25131311013","12/10/2025 02:00pm","Awarded"
"1784987646-146","https://pbsystem.planetbids.com/portal/15300/bo/bo-search","OEM Parts, Repairs and Services for TORO Equipment","B26153311012","12/05/2025 03:00pm","Awarded"
"1784987646-147","https://pbsystem.planetbids.com/portal/15300/bo/bo-search","Sump 157 Security Improvements","B25141324012","12/03/2025 02:00pm","Awarded"
"1784987646-148","https://pbsystem.planetbids.com/portal/15300/bo/bo-search","Purchase of Electric Wire Rope Hoists, Inspection, Repair, Service and Replacement","B26141141310","11/26/2025 02:00pm","Closed"
"1784987646-149","https://pbsystem.planetbids.com/portal/15300/bo/bo-search","REQUEST FOR QUALIFICATIONS for On-Call Consultant Services for Department of Utilities Engineering & Water Resources Division","Q25141325014","11/25/2025 05:00pm","Closed"
"1784987646-150","https://pbsystem.planetbids.com/portal/15300/bo/bo-search","On-Call Contractor Services for Signing & Striping Installation and Maintenance","Q26151111006","11/19/2025 04:00pm","Closed"
"1784987646-151","https://pbsystem.planetbids.com/portal/15300/bo/bo-search","HSIP 10 Pedestrian Crossings Improvement Project","B26151111007","11/19/2025 02:00pm","Awarded"
"1784987646-152","https://pbsystem.planetbids.com/portal/15300/bo/bo-search","Marysville Blvd Vision Zero Safety Quick Build (Phase 1)","B26151111008","11/19/2025 02:00pm","Awarded"
"1784987646-153","https://pbsystem.planetbids.com/portal/15300/bo/bo-search","Towing and Roadside Services for Light Duty (GVWR under 8,500 pounds","B2615331010","11/19/2025 02:00pm","Awarded"
"1784987646-154","https://pbsystem.planetbids.com/portal/15300/bo/bo-search","Retirement Plan Investment Consulting Services","P26081021003","11/18/2025 05:00pm","Awarded"
"1784987646-155","https://pbsystem.planetbids.com/portal/15300/bo/bo-search","Temporary Fencing Rental for City Parks","RFB#B26191311002","11/14/2025 02:00pm","Awarded"
"1784987646-156","https://pbsystem.planetbids.com/portal/15300/bo/bo-search","Automated Metering Infrastructure Upgrade","P26141411306","11/12/2025 02:00pm","Awarded"
"1784987646-157","https://pbsystem.planetbids.com/portal/15300/bo/bo-search","Traffic Control Services and Related Products","P25141421806","11/12/2025 02:00pm","Award Pending"
"1784987646-158","https://pbsystem.planetbids.com/portal/15300/bo/bo-search","2026 NDAT Community Ambassador Program","2026 NDAT","11/09/2025 11:59pm","Awarded"
"1784987646-159","https://pbsystem.planetbids.com/portal/15300/bo/bo-search","Uniform Rental and Laundry Services for Sacramento Public Library Authority","SPLBID1191","11/02/2025 05:00pm","Closed"
"1784987646-160","https://pbsystem.planetbids.com/portal/15300/bo/bo-search","Vehicle Glass Replacement and Repair","B26153311009","10/29/2025 03:40pm","Rejected"
"1784987646-161","https://pbsystem.planetbids.com/portal/15300/bo/bo-search","General Motors OEM Parts and Services","B26153311006","10/29/2025 03:00pm","Awarded"
"1784987646-162","https://pbsystem.planetbids.com/portal/15300/bo/bo-search","Del Rio Trail 72-Inch Force Main Rehabilitation Project","P25141311011","10/28/2025 03:00pm","Awarded"
"1784987646-163","https://pbsystem.planetbids.com/portal/15300/bo/bo-search","Mobile Welding Services for Fleet Vehicles and Equipment","B26153311005","10/27/2025 03:00pm","Awarded"
"1784987646-164","https://pbsystem.planetbids.com/portal/15300/bo/bo-search","Plan Review Services for Fiber & Small Cell Installation","P26151111005","10/27/2025 02:00pm","Closed"
"1784987646-165","https://pbsystem.planetbids.com/portal/15300/bo/bo-search","24th Street Bypass Park Fitness Court (Re-Bid)","B25191121017","10/22/2025 02:00pm","Awarded"
"1784987646-166","https://pbsystem.planetbids.com/portal/15300/bo/bo-search","San Juan Reservoir VFD & RVSS Replacement","B26141363411","10/22/2025 02:00pm","Awarded"
"1784987646-167","https://pbsystem.planetbids.com/portal/15300/bo/bo-search","Evaluation services and technical assistance of the Sacramento Children’s Fund","P26191004001","10/20/2025 05:00pm","Award Pending"
"1784987646-168","https://pbsystem.planetbids.com/portal/15300/bo/bo-search","San Juan Reservoir VFD & RVSS Replacement","B26141363407","10/15/2025 02:00pm","Canceled"
"1784987646-169","https://pbsystem.planetbids.com/portal/15300/bo/bo-search","Brookfield Streetscapes Maintenance","B26151681005","10/08/2025 02:00pm","Awarded"
"1784987646-170","https://pbsystem.planetbids.com/portal/15300/bo/bo-search","Soundwalls and Pedestrian Bridges Streetscapes Maintenance Services","B26151681004","10/08/2025 02:00pm","Awarded"
"1784987646-171","https://pbsystem.planetbids.com/portal/15300/bo/bo-search","Oleanders Streetscapes Maintenance Services","B26151681003","10/08/2025 02:00pm","Awarded"
"1784987646-172","https://pbsystem.planetbids.com/portal/15300/bo/bo-search","24th Street and 47th Avenue Streetscapes Maintenance Services","B26151681002","10/08/2025 02:00pm","Awarded"
"1784987646-173","https://pbsystem.planetbids.com/portal/15300/bo/bo-search","24th Street Bypass Park Fitness Court","B25191121016","10/02/2025 02:00pm","Rejected"
"1784987646-174","https://pbsystem.planetbids.com/portal/15300/bo/bo-search","Generator Parts & On-Call Service","P26141162408","10/01/2025 02:00pm","Closed"
"1784987646-175","https://pbsystem.planetbids.com/portal/15300/bo/bo-search","Irrigation Supplies for Park Operations","B26191311003","10/01/2025 02:00pm","Closed"
"1784987646-176","https://pbsystem.planetbids.com/portal/15300/bo/bo-search","Neighborhood Development Action Team REQUEST FOR INFORMATION – CONSULTING SERVICES","I25211222001","09/30/2025 05:00pm","Closed"
"1784987646-177","https://pbsystem.planetbids.com/portal/15300/bo/bo-search","Community Violence Reduction Strategy","P2602101101","09/29/2025 05:00pm","Awarded"
"1784987646-178","https://pbsystem.planetbids.com/portal/15300/bo/bo-search","Performance Review Facilitation Services & Attorney- Investigator and Legal Support Services","P26081011001","09/26/2025 05:00pm","Closed"
"1784987646-179","https://pbsystem.planetbids.com/portal/15300/bo/bo-search","Sierra 2 Shade Canopy & Fencing Replacement","B25191121015","09/24/2025 02:00pm","Awarded"
"1784987646-180","https://pbsystem.planetbids.com/portal/15300/bo/bo-search","AB 413 Parking Restrictions","P26151111004","09/19/2025 04:00pm","Closed"
"1784987646-181","https://pbsystem.planetbids.com/portal/15300/bo/bo-search","International Alliance of Theatrical Stage Employees (IATSE) Labor Management SAFE Credit Union Convention & Performing Arts District","B26171121003","09/18/2025 02:00pm","Awarded"
"1784987646-182","https://pbsystem.planetbids.com/portal/15300/bo/bo-search","Disposable Nitrile Gloves","B261100135102","09/17/2025 02:00pm","Awarded"
"1784987646-183","https://pbsystem.planetbids.com/portal/15300/bo/bo-search","Asset Management Software (AMS) REQUEST FOR INFORMATION","I25141322013","09/12/2025 03:00pm","Closed"
"1784987646-184","https://pbsystem.planetbids.com/portal/15300/bo/bo-search","Ninos Park Playground Replacement","B25191121014","09/10/2025 02:00pm","Awarded"
"1784987646-185","https://pbsystem.planetbids.com/portal/15300/bo/bo-search","Jackrabbit Trail Crossing at Arena Boulevard","B26151111003","09/10/2025 02:00pm","Awarded"
"1784987646-186","https://pbsystem.planetbids.com/portal/15300/bo/bo-search","As-Needed Tree Purchases","B26151811001","09/09/2025 02:00pm","Awarded"
"1784987646-187","https://pbsystem.planetbids.com/portal/15300/bo/bo-search","Request for Expressions of Interest for an Operator for a Waterfront Restaurant in the Old Sacramento Historic District","I251411002","08/29/2025 05:00pm","Closed"
"1784987646-188","https://pbsystem.planetbids.com/portal/15300/bo/bo-search","Request for Expressions of Interest for an Operator for the Steamers Building Walk-up Cafe in the Old Sacramento Historic District","I251411001","08/29/2025 05:00pm","Awarded"
"1784987646-189","https://pbsystem.planetbids.com/portal/15300/bo/bo-search","Purchase of Chemical Storage Tanks","B26141322704","08/27/2025 02:00pm","Awarded"
"1784987646-190","https://pbsystem.planetbids.com/portal/15300/bo/bo-search","Little Saigon Gateway Monument","P2615111102","08/25/2025 04:00pm","Awarded"
"1784987646-191","https://pbsystem.planetbids.com/portal/15300/bo/bo-search","Flexible Spending Account Administrator","P26081021002","08/22/2025 05:00pm","Awarded"
"1784987646-192","https://pbsystem.planetbids.com/portal/15300/bo/bo-search","Shorebird Park Shade Canopy","B25191121013","08/21/2025 02:00pm","Awarded"
"1784987646-193","https://pbsystem.planetbids.com/portal/15300/bo/bo-search","Fong Ranch Park Shade Canopy","B25191121012","08/14/2025 02:00pm","Awarded"
"1784987646-194","https://pbsystem.planetbids.com/portal/15300/bo/bo-search","PANNELL POOL REPLASTER AND LIGHT REPALCEMENT","B25014541007","08/13/2025 02:00pm","Awarded"
"1784987646-195","https://pbsystem.planetbids.com/portal/15300/bo/bo-search","CM Services & Inspection Services for I Street Bridge Replacement Project","P25151111022","08/13/2025 11:00am","Awarded"
"1784987646-196","https://pbsystem.planetbids.com/portal/15300/bo/bo-search","Sheltering for Transitional Age Youth","P26231031001","08/08/2025 05:00pm","Awarded"
"1784987646-197","https://pbsystem.planetbids.com/portal/15300/bo/bo-search","Old Sacramento Children's Play Area","B26170102001","08/06/2025 02:00pm","Closed"
"1784987646-198","https://pbsystem.planetbids.com/portal/15300/bo/bo-search","La Mancha Way Bridge Railing Repair","B26151111001","08/06/2025 02:00pm","Awarded"
"1784987646-199","https://pbsystem.planetbids.com/portal/15300/bo/bo-search","Sump 111 Switchboard & Control Center","B26141324406","08/06/2025 02:00pm","Rejected"
"1784987646-200","https://pbsystem.planetbids.com/portal/15300/bo/bo-search","SAFE Credit Union Convention Center & Performing Arts District Event Setup","B26171121001","07/31/2025 02:00pm","Closed"
"1784987646-201","https://pbsystem.planetbids.com/portal/15300/bo/bo-search","Propane Delivery/Pick-Up SAFE Credit Union Convention Center","B26171121002","07/31/2025 02:00pm","Closed"
"1784987646-202","https://pbsystem.planetbids.com/portal/15300/bo/bo-search","24th Street Wet Weather Storage Improvements","P25141311011","07/31/2025 02:00pm","Awarded"
"1784987646-203","https://pbsystem.planetbids.com/portal/15300/bo/bo-search","On-Call General Contracting Services for Park Renovations & Landscaping Projects","P25191121011","07/30/2025 02:00pm","Awarded"
"1784987646-204","https://pbsystem.planetbids.com/portal/15300/bo/bo-search","Floor Cleaning Services for Sacramento Public Library Authority","SPLBID1197","07/28/2025 05:00pm","Closed"
"1784987646-205","https://pbsystem.planetbids.com/portal/15300/bo/bo-search","Junk Removal and Hauling Services for Sacramento Public Library Authority","SPLBID1190","07/28/2025 05:00pm","Closed"
"1784987646-206","https://pbsystem.planetbids.com/portal/15300/bo/bo-search","Pest Control Services for Sacramento Public Library Authority","SPLBID1186","07/28/2025 05:00pm","Closed"
"1784987646-207","https://pbsystem.planetbids.com/portal/15300/bo/bo-search","Irrigation Supplies for Park Operations","B26191311001","07/23/2025 02:00pm","Closed"
"1784987646-208","https://pbsystem.planetbids.com/portal/15300/bo/bo-search","Facility Chemical Containment Coating Rebid 2","B25141323012","07/23/2025 02:00pm","Awarded"
"1784987646-209","https://pbsystem.planetbids.com/portal/15300/bo/bo-search","North Natomas Regional Park Fields 1-3 Lighting","B25191121010","07/16/2025 02:00pm","Awarded"
"1784987646-210","https://pbsystem.planetbids.com/portal/15300/bo/bo-search","Bio-Hazardous Waste Pick-Up","B25151631056","07/15/2025 02:00pm","Awarded"
"1784987646-211","https://pbsystem.planetbids.com/portal/15300/bo/bo-search","Purchase of Pipe and Steel Products","B26141141307","07/07/2025 02:00pm","Awarded"
"1784987646-212","https://pbsystem.planetbids.com/portal/15300/bo/bo-search","Purchase of Plumbing Parts, Valves and Plumbing Accessories","B26141141308","07/02/2025 02:00pm","Awarded"
"1784987646-213","https://pbsystem.planetbids.com/portal/15300/bo/bo-search","Purchase of Volumetric Concrete Mix & Delivery","B26141431405","06/27/2025 02:00pm","Awarded"
"1784987646-214","https://pbsystem.planetbids.com/portal/15300/bo/bo-search","Purchase of Diamond Blades, Compaction Equipment and Service","B26141411304","06/27/2025 02:00pm","Awarded"
"1784987646-215","https://pbsystem.planetbids.com/portal/15300/bo/bo-search","Purchase of Power Tools, Equipment and Service","B26141411305","06/27/2025 02:00pm","Awarded"
"1784987646-216","https://pbsystem.planetbids.com/portal/15300/bo/bo-search","Integrated Library Systems (ILS) for Sacramento Public Library Authority","SPLBID1187","06/27/2025 05:00am","Closed"
"1784987646-217","https://pbsystem.planetbids.com/portal/15300/bo/bo-search","Fleet Storage Solution - Meadowview","B26153311003","06/26/2025 04:00pm","Awarded"
"1784987646-218","https://pbsystem.planetbids.com/portal/15300/bo/bo-search","Mobile Key Services","B26153311002","06/26/2025 04:00pm","Closed"
"1784987646-219","https://pbsystem.planetbids.com/portal/15300/bo/bo-search","Paintless Dent Repair (PDR) Services","B26153311001","06/26/2025 04:00pm","Awarded"
"1784987646-220","https://pbsystem.planetbids.com/portal/15300/bo/bo-search","2 Inch Pipe Sign Hardware","B25151931055","06/24/2025 02:00pm","Awarded"
"1784987646-221","https://pbsystem.planetbids.com/portal/15300/bo/bo-search","RPM & Object Markers","B25151931054","06/24/2025 02:00pm","Awarded"
"1784987646-222","https://pbsystem.planetbids.com/portal/15300/bo/bo-search","As-Needed Equipment Rental","B25151631053","06/24/2025 02:00pm","Awarded"
"1784987646-223","https://pbsystem.planetbids.com/portal/15300/bo/bo-search","As-Needed Rental & Repair of Cimline Crack Sealing Machine","B25151631052","06/24/2025 02:00pm","Awarded"
"1784987646-224","https://pbsystem.planetbids.com/portal/15300/bo/bo-search","On-Call Custodial Services for Sacramento Public Library Authority","SPLBID1188","06/23/2025 01:00pm","Awarded"
"1784987646-225","https://pbsystem.planetbids.com/portal/15300/bo/bo-search","Online Homework Assistance for Sacramento Public Library Authority","SPLBID1192","06/20/2025 05:00pm","Awarded"
"1784987646-226","https://pbsystem.planetbids.com/portal/15300/bo/bo-search","Battery Parts and Supplies","B26141162807","06/20/2025 10:00am","Awarded"
"1784987646-227","https://pbsystem.planetbids.com/portal/15300/bo/bo-search","West El Camino Streetscapes Maintenance","B25151681051","06/17/2025 02:00pm","Awarded"
"1784987646-228","https://pbsystem.planetbids.com/portal/15300/bo/bo-search","65th Expressway Streetscapes Maintenance","B25151681050","06/17/2025 02:00pm","Awarded"
"1784987646-229","https://pbsystem.planetbids.com/portal/15300/bo/bo-search","43rd Ave Streetscapes Maintenance","B25151681049","06/17/2025 02:00pm","Awarded"
"1784987646-230","https://pbsystem.planetbids.com/portal/15300/bo/bo-search","21st Ave Streetscapes Maintenance","B25151681048","06/17/2025 02:00pm","Awarded"
"1784987646-231","https://pbsystem.planetbids.com/portal/15300/bo/bo-search","Purchase of Rubber Products","B26141411303","06/11/2025 02:00pm","Awarded"
"1784987646-232","https://pbsystem.planetbids.com/portal/15300/bo/bo-search","As-Need Purchase of Arborist Materials and Supplies","B25151811047","06/10/2025 02:00pm","Awarded"
"1784987646-233","https://pbsystem.planetbids.com/portal/15300/bo/bo-search","As-Needed Purchase of Diamond Blades and Compaction Equipment","B25151681046","06/10/2025 02:00pm","Awarded"
"1784987646-234","https://pbsystem.planetbids.com/portal/15300/bo/bo-search","2025 Storm Drainage Fund Review","P250150102102","06/09/2025 05:00pm","Awarded"
"1784987646-235","https://pbsystem.planetbids.com/portal/15300/bo/bo-search","Combined Sewer System Regulatory Compliance Support","Q25141331010","06/06/2025 05:00pm","Awarded"
"1784987646-236","https://pbsystem.planetbids.com/portal/15300/bo/bo-search","Electrical And Electronic Parts & Repairs","B26141431901","06/04/2025 02:00pm","Rejected"
"1784987646-237","https://pbsystem.planetbids.com/portal/15300/bo/bo-search","Weed Abatement for City Owned Vacant Lots","B25151681045","06/04/2025 02:00pm","Awarded"
"1784987646-238","https://pbsystem.planetbids.com/portal/15300/bo/bo-search","Roadsides/ Ditches Weed Abatement Streetscapes Maintenance","B25151681044","06/04/2025 02:00pm","Awarded"
"1784987646-239","https://pbsystem.planetbids.com/portal/15300/bo/bo-search","Irrigation Parts and Components","B25151681043","06/04/2025 02:00pm","Awarded"
"1784987646-240","https://pbsystem.planetbids.com/portal/15300/bo/bo-search","Meadowview Communication Tower Rebid","B25141363009","06/04/2025 02:00pm","Awarded"
"1784987646-241","https://pbsystem.planetbids.com/portal/15300/bo/bo-search","State Legislative Advocacy Services","P25021011013","05/30/2025 05:00pm","Awarded"
"1784987646-242","https://pbsystem.planetbids.com/portal/15300/bo/bo-search","Medicare Advantage Prescription Drug Preferred Provider Organization Plan","P25081021001","05/30/2025 05:00pm","Awarded"
"1784987646-243","https://pbsystem.planetbids.com/portal/15300/bo/bo-search","Construction Management Services - HSIP Projects","P25151111021","05/30/2025 02:00pm","Closed"
"1784987646-244","https://pbsystem.planetbids.com/portal/15300/bo/bo-search","Capitol City Streetscapes Maintenance","B25151681040","05/28/2025 02:43pm","Awarded"
"1784987646-245","https://pbsystem.planetbids.com/portal/15300/bo/bo-search","Cosumnes River Boulevard Extension Streetscapes Maintenance","B25151681042","05/28/2025 02:00pm","Awarded"
"1784987646-246","https://pbsystem.planetbids.com/portal/15300/bo/bo-search","Chinatown Mall Streetscapes Maintenance","B25151681041","05/28/2025 02:00pm","Awarded"
"1784987646-247","https://pbsystem.planetbids.com/portal/15300/bo/bo-search","Arden-Expo Streetscapes Maintenance","B25151681039","05/28/2025 02:00pm","Awarded"
"1784987646-248","https://pbsystem.planetbids.com/portal/15300/bo/bo-search","5770 Freeport Boulevard Streetscapes Maintenance","B25151681038","05/28/2025 02:00pm","Awarded"
"1784987646-249","https://pbsystem.planetbids.com/portal/15300/bo/bo-search","Drinking Water Delivery Services","B25061521009","05/28/2025 02:00pm","Awarded"
"1784987646-250","https://pbsystem.planetbids.com/portal/15300/bo/bo-search","Pioneer Structural Repairs","B25141311004","05/28/2025 02:00pm","Awarded"
"1784987646-251","https://pbsystem.planetbids.com/portal/15300/bo/bo-search","Pannell Community Center Main Switchboard","B25014541006","05/22/2025 02:00pm","Awarded"
"1784987646-252","https://pbsystem.planetbids.com/portal/15300/bo/bo-search","Landscape Maintenance of Sumps, Wells, and Reservoirs","B25141121900","05/21/2025 02:00pm","Awarded"
"1784987646-253","https://pbsystem.planetbids.com/portal/15300/bo/bo-search","CSS Pipe Program R&R Block 6","B25141323007","05/21/2025 02:00pm","Awarded"
"1784987646-254","https://pbsystem.planetbids.com/portal/15300/bo/bo-search","Woodlake Park Walkway and Lighting Improvements","B25191121008","05/21/2025 02:00pm","Awarded"
"1784987646-255","https://pbsystem.planetbids.com/portal/15300/bo/bo-search","Development of a Sustainability Action Plan","P25141081404","05/21/2025 02:00pm","Awarded"
"1784987646-256","https://pbsystem.planetbids.com/portal/15300/bo/bo-search","Utility Cost Recovery Audit Services","P25015010211","05/19/2025 05:00pm","Awarded"
"1784987646-257","https://pbsystem.planetbids.com/portal/15300/bo/bo-search","Secure Bike Parking Pilot","P25151111017","05/16/2025 04:00pm","Awarded"
"1784987646-258","https://pbsystem.planetbids.com/portal/15300/bo/bo-search","Purchase of Fencing Supplies","B26141451700","05/16/2025 02:00pm","Awarded"
"1784987646-259","https://pbsystem.planetbids.com/portal/15300/bo/bo-search","Lewis Park Playground Renovations","B25191121009","05/15/2025 02:00pm","Awarded"
"1784987646-260","https://pbsystem.planetbids.com/portal/15300/bo/bo-search","North Sacramento Hagginwood Library Remodel RFQ","Q25014541001","05/15/2025 02:00pm","Awarded"
"1784987646-261","https://pbsystem.planetbids.com/portal/15300/bo/bo-search","Pannell Community Center Generator","B25014541005","05/14/2025 02:00pm","Awarded"
"1784987646-262","https://pbsystem.planetbids.com/portal/15300/bo/bo-search","Del Paso Blvd Infrastructure Needs","B25141311005","05/14/2025 02:00pm","Awarded"
"1784987646-263","https://pbsystem.planetbids.com/portal/15300/bo/bo-search","Customized Apparel for Sacramento Public Library Authority","SPLBID1196","05/12/2025 05:00pm","Awarded"
"1784987646-264","https://pbsystem.planetbids.com/portal/15300/bo/bo-search","Printing Services for Sacramento Public Library Authority","SPLBID1195","05/12/2025 05:00pm","Awarded"
"1784987646-265","https://pbsystem.planetbids.com/portal/15300/bo/bo-search","Outdoor Event Displays for Sacramento Public Library Authority","SPLBID1194","05/12/2025 05:00pm","Awarded"
"1784987646-266","https://pbsystem.planetbids.com/portal/15300/bo/bo-search","Vehicle Wraps for Sacramento Public Library Authority","SPLBID1193","05/12/2025 05:00pm","Awarded"
"1784987646-267","https://pbsystem.planetbids.com/portal/15300/bo/bo-search","Revenue Lockbox Services","P25061211001","05/12/2025 04:00pm","Awarded"
"1784987646-268","https://pbsystem.planetbids.com/portal/15300/bo/bo-search","Unmanned Aerial Vehicles/Drones","B251100114109","05/09/2025 05:00pm","Canceled"
"1784987646-269","https://pbsystem.planetbids.com/portal/15300/bo/bo-search","CM Services Vision Zero School Safety","P25151111020","05/07/2025 02:00pm","Award Pending"
"1784987646-270","https://pbsystem.planetbids.com/portal/15300/bo/bo-search","Sump 89 Outfall Replacement","B25141324008","05/07/2025 02:00pm","Awarded"
"1784987646-271","https://pbsystem.planetbids.com/portal/15300/bo/bo-search","21st Avenue Median Pilot Project","B25151111018","05/07/2025 02:00pm","Awarded"
"1784987646-272","https://pbsystem.planetbids.com/portal/15300/bo/bo-search","North Laguna & Jacinto Creek Trail Resurfacing","B25151111019","05/07/2025 02:00pm","Awarded"
"1784987646-273","https://pbsystem.planetbids.com/portal/15300/bo/bo-search","Dixieanne Tot Lot Resurfacing","B25191121007","05/01/2025 02:00pm","Awarded"
"1784987646-274","https://pbsystem.planetbids.com/portal/15300/bo/bo-search","Janitorial Services - Porter Services for SAFE Performing Arts District Facilities","B25061521007","04/30/2025 02:00pm","Awarded"
"1784987646-275","https://pbsystem.planetbids.com/portal/15300/bo/bo-search","Fremont Park Restroom Replacement","B25191121006","04/30/2025 02:00pm","Awarded"
"1784987646-276","https://pbsystem.planetbids.com/portal/15300/bo/bo-search","Building 22 Roof Restoration","B25014541004","04/30/2025 02:00pm","Awarded"
"1784987646-277","https://pbsystem.planetbids.com/portal/15300/bo/bo-search","Flood Control Consultant Services","Q25141324006","04/29/2025 03:00pm","Awarded"
"1784987646-278","https://pbsystem.planetbids.com/portal/15300/bo/bo-search","Masonry Wall Repair Services","B25151681037","04/29/2025 02:00pm","Awarded"
"1784987646-279","https://pbsystem.planetbids.com/portal/15300/bo/bo-search","EcoStruxure Ultra0 Annual Maintenance & Repair","B25171121001","04/28/2025 02:00pm","Closed"
"1784987646-280","https://pbsystem.planetbids.com/portal/15300/bo/bo-search","Pest Management in City Parks","B25191311001","04/25/2025 02:00pm","Awarded"
"1784987646-281","https://pbsystem.planetbids.com/portal/15300/bo/bo-search","Department of Utilities (DOU) Safety Training Program","P25141222805","04/25/2025 02:00pm","Awarded"
"1784987646-282","https://pbsystem.planetbids.com/portal/15300/bo/bo-search","Facility Chemical Containment Coating","B25141323002","04/23/2025 02:00pm","Rejected"
"1784987646-283","https://pbsystem.planetbids.com/portal/15300/bo/bo-search","MAINTENANCE AND REPAIR OF CURBS, GUTTERS, SIDEWALKS, AND RELATED ITEMS","B25151641036","04/23/2025 02:00pm","Awarded"
"1784987646-284","https://pbsystem.planetbids.com/portal/15300/bo/bo-search","CANNON-SCOLLAN LANDFILL CLOSURE","B25014541001","04/23/2025 02:00pm","Rejected"
"1784987646-285","https://pbsystem.planetbids.com/portal/15300/bo/bo-search","Legal Services for Sacramento Public Library Authority","SPLBID1189","04/22/2025 05:00pm","Awarded"
"1784987646-286","https://pbsystem.planetbids.com/portal/15300/bo/bo-search","SCADA Network Design and Support","Q25141361804","04/18/2025 02:00pm","Awarded"
"1784987646-287","https://pbsystem.planetbids.com/portal/15300/bo/bo-search","FRANKLIN BLVD GAP CLOSURE PROJECT","B25151111016","04/16/2025 02:00pm","Closed"
"1784987646-288","https://pbsystem.planetbids.com/portal/15300/bo/bo-search","911 CALL CENTER ROOF REPLACEMENT","B25014541003","04/16/2025 02:00pm","Awarded"
"1784987646-289","https://pbsystem.planetbids.com/portal/15300/bo/bo-search","35th Avenue DOU Tool Building Roof Replacement","B25014541002","04/16/2025 02:00pm","Awarded"
"1784987646-290","https://pbsystem.planetbids.com/portal/15300/bo/bo-search","Stormwater Pollution Prevention Outreach","Q25141331003","04/15/2025 03:00pm","Awarded"
"1784987646-291","https://pbsystem.planetbids.com/portal/15300/bo/bo-search","Financial Empowerment Center (FEC) Nonprofit Service Provider(s)","P25021431001","04/10/2025 05:00pm","Awarded"
"1784987646-292","https://pbsystem.planetbids.com/portal/15300/bo/bo-search","Specialty Weed Control for City Parks - South Area","B25191311004","04/09/2025 02:00pm","Awarded"
"1784987646-293","https://pbsystem.planetbids.com/portal/15300/bo/bo-search","Tree Pruning Services","P25151811035","04/08/2025 02:00pm","Awarded"
"1784987646-294","https://pbsystem.planetbids.com/portal/15300/bo/bo-search","T Street Bikeway Gap Closure Project","P25151111015","04/04/2025 02:00pm","Awarded"
"1784987646-295","https://pbsystem.planetbids.com/portal/15300/bo/bo-search","DOU Critical Infrastructure Clean-Up Services","P25141431703","04/02/2025 02:00pm","Awarded"
"1784987646-296","https://pbsystem.planetbids.com/portal/15300/bo/bo-search","Janitorial Services (Citywide)","B25061521003","04/02/2025 02:00pm","Awarded"
"1784987646-297","https://pbsystem.planetbids.com/portal/15300/bo/bo-search","Irrigation Supplies for Park Operations","B25191311003","04/01/2025 02:00pm","Awarded"
"1784987646-298","https://pbsystem.planetbids.com/portal/15300/bo/bo-search","Goods Only - MERV Air Filters for SAFE Credit Union Convention Center & Performing Arts District","B25171131001","03/31/2025 02:00pm","Awarded"
"1784987646-299","https://pbsystem.planetbids.com/portal/15300/bo/bo-search","Workplace Investigation Services","P25081511001","03/28/2025 02:00pm","Awarded"
"1784987646-300","https://pbsystem.planetbids.com/portal/15300/bo/bo-search","Meadows Park Phase 3","B25191121005","03/26/2025 02:00pm","Awarded"
"1784987646-301","https://pbsystem.planetbids.com/portal/15300/bo/bo-search","Stump Grinding Services","B25151811033","03/26/2025 02:00pm","Awarded"
"1784987646-302","https://pbsystem.planetbids.com/portal/15300/bo/bo-search","2025 Urban Water Management Plan","Q25141381001","03/25/2025 03:00pm","Closed"
"1784987646-303","https://pbsystem.planetbids.com/portal/15300/bo/bo-search","Masonry Wall Repair Services","B25151681034","03/25/2025 02:00pm","Canceled"
"1784987646-304","https://pbsystem.planetbids.com/portal/15300/bo/bo-search","Artist Outreach Support","P25171831001","03/24/2025 02:00pm","Awarded"
"1784987646-305","https://pbsystem.planetbids.com/portal/15300/bo/bo-search","ITS Norwood","P25151111014)","03/21/2025 02:00pm","Awarded"
"1784987646-306","https://pbsystem.planetbids.com/portal/15300/bo/bo-search","Vehicle Operations Training Videos Updates for Waste Collection Vehicles","P25155711001","03/19/2025 05:00pm","Awarded"
"1784987646-307","https://pbsystem.planetbids.com/portal/15300/bo/bo-search","On-Call Streetscapes Maintenance","B25151681032","03/19/2025 02:00pm","Awarded"
"1784987646-308","https://pbsystem.planetbids.com/portal/15300/bo/bo-search","Thelma Park","B25191121004","03/19/2025 02:00pm","Awarded"
"1784987646-309","https://pbsystem.planetbids.com/portal/15300/bo/bo-search","Central City Specific Plan Update","P25211222001","03/17/2025 05:00pm","Awarded"
"1784987646-310","https://pbsystem.planetbids.com/portal/15300/bo/bo-search","Official City Newspaper Advertising for Fiscal Year 2025/26 and 2026/27","B25061521005","03/17/2025 03:00pm","Awarded"
"1784987646-311","https://pbsystem.planetbids.com/portal/15300/bo/bo-search","Untold Stories of Old Sacramento: A National Register Amendment","P25211221001","03/14/2025 05:00pm","Closed"
"1784987646-312","https://pbsystem.planetbids.com/portal/15300/bo/bo-search","Citywide Encampment Cleanup Services","P25231021006","03/14/2025 05:00pm","Awarded"
"1784987646-313","https://pbsystem.planetbids.com/portal/15300/bo/bo-search","Uninterruptible Power Supply (UPS) Service","B25141361403","03/12/2025 02:00pm","Awarded"
"1784987646-314","https://pbsystem.planetbids.com/portal/15300/bo/bo-search","On-Call Monument & Wayfinding Signs Manufacturing/Installation/Repair","Q25171131001","03/12/2025 02:00pm","Awarded"
"1784987646-315","https://pbsystem.planetbids.com/portal/15300/bo/bo-search","Auburn Boulevard at Arcade Creek Bridge Replacement Project","B25151111013","03/12/2025 02:00pm","Awarded"
"1784987646-316","https://pbsystem.planetbids.com/portal/15300/bo/bo-search","Meadowview Communication Tower","B25141363002","03/12/2025 02:00pm","Rejected"
"1784987646-317","https://pbsystem.planetbids.com/portal/15300/bo/bo-search","Chainsaws and related items","B25151811031","03/11/2025 02:00pm","Awarded"
"1784987646-318","https://pbsystem.planetbids.com/portal/15300/bo/bo-search","SFD EMS Corps - Wraparound Support Services","P25121531001","03/10/2025 05:00pm","Awarded"
"1784987646-319","https://pbsystem.planetbids.com/portal/15300/bo/bo-search","Executive Search and Recruitment Services (On-Call Services for Sacramento Public Library Authority)","SPLBID1184","03/07/2025 05:00pm","Awarded"
"1784987646-320","https://pbsystem.planetbids.com/portal/15300/bo/bo-search","Sutter's Landing Skate Park Phase 4 Improvements","B25191121003","03/06/2025 02:00pm","Awarded"
"1784987646-321","https://pbsystem.planetbids.com/portal/15300/bo/bo-search","Unarmed Uniformed Security Guards","P25061521006","02/27/2025 04:00pm","Awarded"
"1784987646-322","https://pbsystem.planetbids.com/portal/15300/bo/bo-search","12th Ave Bridge Repair","B25151111012","02/26/2025 02:00pm","Awarded"
"1784987646-323","https://pbsystem.planetbids.com/portal/15300/bo/bo-search","Exmark Mower Repair, Service, and Original Manufacturer Parts","B25153311008","02/24/2025 04:00pm","Awarded"
"1784987646-324","https://pbsystem.planetbids.com/portal/15300/bo/bo-search","Special Tax Administrator - Request for Qualifications","Q20251011001","02/21/2025 04:00pm","Awarded"
"1784987646-325","https://pbsystem.planetbids.com/portal/15300/bo/bo-search","Steve Jones Playground Replacement","B25191121002","02/20/2025 02:00pm","Awarded"
"1784987646-326","https://pbsystem.planetbids.com/portal/15300/bo/bo-search","Med Center Electrical Rehab","B25141363001","02/19/2025 02:00pm","Awarded"
"1784987646-327","https://pbsystem.planetbids.com/portal/15300/bo/bo-search","Language Translation Services","P25021011012","02/18/2025 12:00pm","Awarded"
"1784987646-328","https://pbsystem.planetbids.com/portal/15300/bo/bo-search","X Street Navigation Center Operator","P25231031007","02/14/2025 05:00pm","Awarded"
"1784987646-329","https://pbsystem.planetbids.com/portal/15300/bo/bo-search","Meadowview Navigation Center Operator","P25231031006","02/14/2025 05:00pm","Awarded"
"1784987646-330","https://pbsystem.planetbids.com/portal/15300/bo/bo-search","Emergency Bridge Housing Shelter & Services Provider","P25231031005","02/14/2025 05:00pm","Awarded"
"1784987646-331","https://pbsystem.planetbids.com/portal/15300/bo/bo-search","Coats Tire Machine Repair and Services","B25153311005","02/14/2025 04:40pm","Rejected"
"1784987646-332","https://pbsystem.planetbids.com/portal/15300/bo/bo-search","Roseville Road Campus Operations","P25231021005","02/10/2025 05:00pm","Awarded"
"1784987646-333","https://pbsystem.planetbids.com/portal/15300/bo/bo-search","On-Call Theatrical Rigging and Fire Curtain System Maintenance, Inspection, and Repair","B24171121009","02/10/2025 02:00pm","Canceled"
"1784987646-334","https://pbsystem.planetbids.com/portal/15300/bo/bo-search","Overhead Hoist Inspection, Certification, Parts, and Repairs","P24171121001","02/10/2025 02:00pm","Awarded"
"1784987646-335","https://pbsystem.planetbids.com/portal/15300/bo/bo-search","Residual Solids Hauling","B25141111402","02/05/2025 02:00pm","Awarded"
"1784987646-336","https://pbsystem.planetbids.com/portal/15300/bo/bo-search","Entertainment Services Permit Systems","P25071011002","02/05/2025 02:00pm","Awarded"
"1784987646-337","https://pbsystem.planetbids.com/portal/15300/bo/bo-search","Non-Landscape Medians Streetscapes Maintenance","B25151681030","02/04/2025 02:00pm","Awarded"
"1784987646-338","https://pbsystem.planetbids.com/portal/15300/bo/bo-search","Bruceville Streetscapes Maintenance","B25151681029","02/04/2025 02:00pm","Awarded"
"1784987646-339","https://pbsystem.planetbids.com/portal/15300/bo/bo-search","Southeast Commerce Streetscapes Maintenance","B25151681028","02/04/2025 02:00pm","Awarded"
"1784987646-340","https://pbsystem.planetbids.com/portal/15300/bo/bo-search","Riverside Pocket Streetscapes Maintenance","B25151681027","02/04/2025 02:00pm","Awarded"
"1784987646-341","https://pbsystem.planetbids.com/portal/15300/bo/bo-search","Fruitridge Rd Safety & Mobility Plan","P25151111011","02/03/2025 04:00pm","Awarded"
"1784987646-342","https://pbsystem.planetbids.com/portal/15300/bo/bo-search","Arden Wy & Auburn Blvd Vision Zero & Mobility Plan","P25151111010","02/03/2025 04:00pm","Awarded"
"1784987646-343","https://pbsystem.planetbids.com/portal/15300/bo/bo-search","Land Park Restroom Replacement Project","B25191121001","01/30/2025 02:00pm","Awarded"
"1784987646-344","https://pbsystem.planetbids.com/portal/15300/bo/bo-search","El Centro and Fairbairn Specialized Pumps","P25141322900","01/30/2025 02:00pm","Awarded"
"1784987646-345","https://pbsystem.planetbids.com/portal/15300/bo/bo-search","Pocket Canal Bikeways Streetscapes Maintenance","B25151681026","01/28/2025 02:00pm","Awarded"
"1784987646-346","https://pbsystem.planetbids.com/portal/15300/bo/bo-search","Palm Gateway Streetscapes Maintenance","B25151681025","01/28/2025 02:00pm","Awarded"
"1784987646-347","https://pbsystem.planetbids.com/portal/15300/bo/bo-search","North Natomas Streetscapes Maintenance","B25151681024","01/28/2025 02:00pm","Awarded"
"1784987646-348","https://pbsystem.planetbids.com/portal/15300/bo/bo-search","Gateway Park Streetscapes Maintenance","B25151681023","01/28/2025 02:00pm","Awarded"
"1784987646-349","https://pbsystem.planetbids.com/portal/15300/bo/bo-search","El Centro Streetscapes Maintenance","B25151681022","01/28/2025 02:00pm","Awarded"
"1784987646-350","https://pbsystem.planetbids.com/portal/15300/bo/bo-search","Meadowview Community Farmers’ Market","P25021411005","01/24/2025 11:59pm","Awarded"
"1784987646-351","https://pbsystem.planetbids.com/portal/15300/bo/bo-search","Social Media Management Software (Sacramento Public Library Authority)","SPLBID1185","01/24/2025 05:00pm","Awarded"
"1784987646-352","https://pbsystem.planetbids.com/portal/15300/bo/bo-search","Floodplain Mapping for CSS","P24141311045","01/24/2025 03:00pm","Awarded"
"1784987646-353","https://pbsystem.planetbids.com/portal/15300/bo/bo-search","Land Park Restroom Replacement Project","B24191121013","01/23/2025 02:00pm","Canceled"
"1784987646-354","https://pbsystem.planetbids.com/portal/15300/bo/bo-search","Purchase of Quicklime","B25141111401","01/22/2025 02:00pm","Awarded"
"1784987646-355","https://pbsystem.planetbids.com/portal/15300/bo/bo-search","Wire Rope Hoist Rigging, Parts and Accessories","B25141161303","01/22/2025 02:00pm","Awarded"
"1784987646-356","https://pbsystem.planetbids.com/portal/15300/bo/bo-search","SCADA Network Design and Support","","","Canceled"
"1784987646-357","https://pbsystem.planetbids.com/portal/15300/bo/bo-search","Critical Incident Response for Supervisors and Officers for Sac PD","B251100147108","01/21/2025 05:00pm","Closed"
"1784987646-358","https://pbsystem.planetbids.com/portal/15300/bo/bo-search","Vending Machine Services","B25153311006","01/21/2025 04:00pm","Awarded"
"1784987646-359","https://pbsystem.planetbids.com/portal/15300/bo/bo-search","Stockton Boulevard Infrastructure Funding","I25151111009","01/17/2025 04:00pm","Closed"
"1784987646-360","https://pbsystem.planetbids.com/portal/15300/bo/bo-search","Drainage Engineering Extension of Staff","Q24141311044","01/16/2025 03:00pm","Awarded"
"1784987646-361","https://pbsystem.planetbids.com/portal/15300/bo/bo-search","Hopkins Park Shade Canopy & Playground Replacement","B24191121012","01/16/2025 02:00pm","Awarded"
"1784987646-362","https://pbsystem.planetbids.com/portal/15300/bo/bo-search","Special Event Course for Law Enforcement","B251100141107","01/15/2025 04:00pm","Closed"
"1784987646-363","https://pbsystem.planetbids.com/portal/15300/bo/bo-search","Diversity, Equity, Inclusion, and Belonging (DEIB) and Racial Equity (RE) training (Request for Information)","I25081611001","01/03/2025 03:00pm","Awarded"
"1784987646-364","https://pbsystem.planetbids.com/portal/15300/bo/bo-search","Code Tow Rotation Program","Q24211313001","12/31/2024 11:00am","Closed"
"1784987646-365","https://pbsystem.planetbids.com/portal/15300/bo/bo-search","Shasta Wells Build-Out","P24141311042","12/27/2024 03:00pm","Awarded"
"1784987646-366","https://pbsystem.planetbids.com/portal/15300/bo/bo-search","Exercise Treadmills (Star Trac S-TRC)","B25121421001","12/20/2024 12:00pm","Awarded"
"1784987646-367","https://pbsystem.planetbids.com/portal/15300/bo/bo-search","Sump 107 Rehabilitation","P24141311043","12/19/2024 03:00pm","Awarded"
"1784987646-368","https://pbsystem.planetbids.com/portal/15300/bo/bo-search","Ergonomic Office Furniture & Equipment","B25061521004","12/18/2024 02:00pm","Awarded"
"1784987646-369","https://pbsystem.planetbids.com/portal/15300/bo/bo-search","Meter Calibration and Testing","B25141361400","12/16/2024 02:00pm","Rejected"
"1784987646-370","https://pbsystem.planetbids.com/portal/15300/bo/bo-search","Family Childcare Home (FCCH) Start-up Stipend","P25021411002","12/14/2024 04:00pm","Awarded"
"1784987646-371","https://pbsystem.planetbids.com/portal/15300/bo/bo-search","Family Childcare Home Provider Business Development Training","P25021411003","12/13/2024 04:00pm","Awarded"
"1784987646-372","https://pbsystem.planetbids.com/portal/15300/bo/bo-search","DJI Drones/Unmanned Aerial Vehicles","B251100114103","12/12/2024 05:00pm","Canceled"
"1784987646-373","https://pbsystem.planetbids.com/portal/15300/bo/bo-search","Services for Cannabis Opportunity Reinvestment and Equity (CORE) and Cannabis Safety Education Programs, Communications, Marketing and Public-Awareness Campaign","P25021101002","12/12/2024 05:00pm","Awarded"
"1784987646-374","https://pbsystem.planetbids.com/portal/15300/bo/bo-search","City Motel Program Emergency and Transitional Shelter","P24231031004","12/06/2024 05:00pm","Awarded"
"1784987646-375","https://pbsystem.planetbids.com/portal/15300/bo/bo-search","Community Recreation Sports Officials","B25191531001","12/06/2024 01:00pm","Awarded"
"1784987646-376","https://pbsystem.planetbids.com/portal/15300/bo/bo-search","Street to Housing - Rapid Rehousing - Pilot Program","Q25021451001","12/06/2024 12:00pm","Awarded"
"1784987646-377","https://pbsystem.planetbids.com/portal/15300/bo/bo-search","Routers E-rate YR 2025 (YR28) - Sacramento Public Library Authority","SPLBID1182","12/04/2024 03:00pm","Awarded"
"1784987646-378","https://pbsystem.planetbids.com/portal/15300/bo/bo-search","Floodgate Modernization and Resilience Project","P25151111007","12/04/2024 02:00pm","Awarded"
"1784987646-379","https://pbsystem.planetbids.com/portal/15300/bo/bo-search","Fire Prevention Billing","P2512112101","12/02/2024 12:00pm","Rejected"
"1784987646-380","https://pbsystem.planetbids.com/portal/15300/bo/bo-search","Sacramento Last Mile Connectivity Project","P25151111006","11/26/2024 03:00pm","Awarded"
"1784987646-381","https://pbsystem.planetbids.com/portal/15300/bo/bo-search","Analysis of the Cannabis Opportunity Reinvestment and Equity (CORE) Program","P25021101001","11/25/2024 03:00pm","Awarded"
"1784987646-382","https://pbsystem.planetbids.com/portal/15300/bo/bo-search","CM Services Franklin Boulevard Gap Closure Project","P23151131007","11/22/2024 11:00am","Closed"
"1784987646-383","https://pbsystem.planetbids.com/portal/15300/bo/bo-search","Franchise Waste Hauler Auditing Services","P25155771003","11/21/2024 05:00pm","Awarded"
"1784987646-384","https://pbsystem.planetbids.com/portal/15300/bo/bo-search","EcoStruxure Annual Maintenance & Repair","B24171121007","11/21/2024 02:00pm","Rejected"
"1784987646-385","https://pbsystem.planetbids.com/portal/15300/bo/bo-search","Brookins Park Shade Canopy Replacement","B24191121011","11/21/2024 02:00pm","Awarded"
"1784987646-386","https://pbsystem.planetbids.com/portal/15300/bo/bo-search","Sacramento Contact Center","I25071011001","11/20/2024 02:00pm","Closed"
"1784987646-387","https://pbsystem.planetbids.com/portal/15300/bo/bo-search","On-Call Shade Canopy/Flagpole Maintenance & Repair","B24171911002","11/19/2024 02:00pm","Awarded"
"1784987646-388","https://pbsystem.planetbids.com/portal/15300/bo/bo-search","On-Call Electric Motor Maintenance & Repair","B24171121006","11/18/2024 02:00pm","Awarded"
"1784987646-389","https://pbsystem.planetbids.com/portal/15300/bo/bo-search","Water and Wastewater Rate Implementation: Rate Study and Public Outreach","P25141671302","11/18/2024 02:00pm","Awarded"
"1784987646-390","https://pbsystem.planetbids.com/portal/15300/bo/bo-search","Lab Testing Equipment","B25141361702","11/15/2024 02:00pm","Rejected"
"1784987646-391","https://pbsystem.planetbids.com/portal/15300/bo/bo-search","Medical Center Reservoir Rehabilitation","P24141311041","11/14/2024 05:00pm","Closed"
"1784987646-392","https://pbsystem.planetbids.com/portal/15300/bo/bo-search","SL3X EOI COBRA LED FIXTURES","B251941021","11/13/2024 02:00pm","Awarded"
"1784987646-393","https://pbsystem.planetbids.com/portal/15300/bo/bo-search","Replacement Polaris Ranger Crew Vehicle","B25153311004","11/06/2024 03:00pm","Awarded"
"1784987646-394","https://pbsystem.planetbids.com/portal/15300/bo/bo-search","RFQ- Environmental Site Assessments, Remediation Services and Hazardous Materials Surveys Local","Q24014541002","11/05/2024 02:00pm","Closed"
"1784987646-395","https://pbsystem.planetbids.com/portal/15300/bo/bo-search","RFQ Environmental Site Assessments, Remediation Services and Hazardous Materials Surveys- Federal","Q24014541003","11/05/2024 02:00pm","Awarded"
"1784987646-396","https://pbsystem.planetbids.com/portal/15300/bo/bo-search","Fee Study (Citywide fees except Utilities and Fire)","P25061411001","11/04/2024 03:00pm","Awarded"
"1784987646-397","https://pbsystem.planetbids.com/portal/15300/bo/bo-search","Management and Operation of Three Static Billboards","P25191011001","11/01/2024 11:00am","Awarded"
"1784987646-398","https://pbsystem.planetbids.com/portal/15300/bo/bo-search","Physical Fitness Program Administrator","B251100147105","10/29/2024 05:00pm","Canceled"
"1784987646-399","https://pbsystem.planetbids.com/portal/15300/bo/bo-search","RFQ Professional Services Construction Related Projects","Q24014541007","10/29/2024 02:00pm","Awarded"
"1784987646-400","https://pbsystem.planetbids.com/portal/15300/bo/bo-search","RFQ On-Call Professional Services- Architecture and Other Design Services","Q24014541004","10/29/2024 02:00pm","Awarded"
"1784987646-401","https://pbsystem.planetbids.com/portal/15300/bo/bo-search","RFQ- ON-CALL PROFESSIONAL SERVICES- Engineering and  Construction Related Tasks","Q24014541005","10/29/2024 02:00pm","Awarded"
"1784987646-402","https://pbsystem.planetbids.com/portal/15300/bo/bo-search","REQUEST FOR QUALIFICATIONS FOR ON-CALL PROFESSIONAL SERVICES- Real Estate Appraisal and Relocation","Q24014541006","10/29/2024 02:00pm","Awarded"
"1784987646-403","https://pbsystem.planetbids.com/portal/15300/bo/bo-search","Social Work Consultant (Sacramento Public Library Authority)","SPLBID1183","10/25/2024 05:00pm","Awarded"
"1784987646-404","https://pbsystem.planetbids.com/portal/15300/bo/bo-search","Independent Evaluator to Support the Sacramento Ethics Commission (Request for Qualifications)","Q25041011001","10/25/2024 05:00pm","Awarded"
"1784987646-405","https://pbsystem.planetbids.com/portal/15300/bo/bo-search","9th Street Separated Bikeway","P25151111005)","10/25/2024 04:00pm","Awarded"
"1784987646-406","https://pbsystem.planetbids.com/portal/15300/bo/bo-search","Marysville Boulevard And Grand Avenue Environmental Assessment and Remediation","P25021411004","10/23/2024 05:00pm","Awarded"
"1784987646-407","https://pbsystem.planetbids.com/portal/15300/bo/bo-search","Traffic Signal Cabinet, TS2 Type 1, Type ""R""","B25151941020","10/22/2024 02:00pm","Canceled"
"1784987646-408","https://pbsystem.planetbids.com/portal/15300/bo/bo-search","On-Call Concrete Repairs for Water Storage Structures","Q25141111301","10/21/2024 02:00pm","Awarded"
"1784987646-409","https://pbsystem.planetbids.com/portal/15300/bo/bo-search","Janitorial Supplies (Citywide)","Q25061521002","10/17/2024 05:00pm","Awarded"
"1784987646-410","https://pbsystem.planetbids.com/portal/15300/bo/bo-search","Granite Regional Park Dog Fence","B24191121010","10/17/2024 02:00pm","Awarded"
"1784987646-411","https://pbsystem.planetbids.com/portal/15300/bo/bo-search","Language Translation and American Sign Language Services","P25021011011","10/17/2024 12:00pm","Canceled"
"1784987646-412","https://pbsystem.planetbids.com/portal/15300/bo/bo-search","Railyards Streetscapes Maintenance","B25151681014","10/16/2024 02:00pm","Awarded"
"1784987646-413","https://pbsystem.planetbids.com/portal/15300/bo/bo-search","Parking Garages and Lots Streetscapes Maintenance","B25151681018","10/16/2024 02:00pm","Awarded"
"1784987646-414","https://pbsystem.planetbids.com/portal/15300/bo/bo-search","Frankling Arlington Streetscapes Maintenance","B25151681016","10/16/2024 02:00pm","Awarded"
"1784987646-415","https://pbsystem.planetbids.com/portal/15300/bo/bo-search","Northborough Streetscapes Maintenance","B25151681017","10/16/2024 02:00pm","Awarded"
"1784987646-416","https://pbsystem.planetbids.com/portal/15300/bo/bo-search","Center Parkway Mack Streetscapes Maintenance","B25151681015","10/16/2024 02:00pm","Awarded"
"1784987646-417","https://pbsystem.planetbids.com/portal/15300/bo/bo-search","Medical Center Reservoir Rehabilitation","P24141311040","10/15/2024 05:00pm","Closed"
"1784987646-418","https://pbsystem.planetbids.com/portal/15300/bo/bo-search","TRANSFORMER OIL ANALYSIS AND SERVICES","B25141451701","10/14/2024 02:00pm","Awarded"
"1784987646-419","https://pbsystem.planetbids.com/portal/15300/bo/bo-search","Sacramento Creative Growth Grant - Payment Distribution Platform","P24171831003","10/11/2024 05:00pm","Awarded"
"1784987646-420","https://pbsystem.planetbids.com/portal/15300/bo/bo-search","Type ""A"" Poles W/Handhold Cover and Pole Caps","B25151941019","10/10/2024 02:00pm","Awarded"
"1784987646-421","https://pbsystem.planetbids.com/portal/15300/bo/bo-search","Police Facilities Streetscapes Maintenance","B25151681013","10/10/2024 02:00pm","Awarded"
"1784987646-422","https://pbsystem.planetbids.com/portal/15300/bo/bo-search","Nuevo Streetscapes Maintenance","B25151681012","10/10/2024 02:00pm","Awarded"
"1784987646-423","https://pbsystem.planetbids.com/portal/15300/bo/bo-search","North Truxel Streetscapes Maintenance","B25151681011","10/10/2024 02:00pm","Awarded"
"1784987646-424","https://pbsystem.planetbids.com/portal/15300/bo/bo-search","Mid-Central Streetscapes Maintenance","B25151681010","10/10/2024 02:00pm","Awarded"
"1784987646-425","https://pbsystem.planetbids.com/portal/15300/bo/bo-search","Village Garden Streetscapes Maintenance","B25151681009","10/10/2024 02:00pm","Awarded"
"1784987646-426","https://pbsystem.planetbids.com/portal/15300/bo/bo-search","Replacement Yamaha Jet Skis and a Karavan Trailer","RFB#25153311003","10/09/2024 03:00pm","Awarded"
"1784987646-427","https://pbsystem.planetbids.com/portal/15300/bo/bo-search","Howe Avenue Streetscapes Maintenance","B25151681008","10/09/2024 02:00pm","Awarded"
"1784987646-428","https://pbsystem.planetbids.com/portal/15300/bo/bo-search","Freeport Streetscapes Maintenance","B25151681007","10/09/2024 02:00pm","Awarded"
"1784987646-429","https://pbsystem.planetbids.com/portal/15300/bo/bo-search","Downtown Streetscapes Maintenance","B25151681006","10/09/2024 02:00pm","Awarded"
"1784987646-430","https://pbsystem.planetbids.com/portal/15300/bo/bo-search","College Elvas Streetscapes Maintenance","B25151681005","10/09/2024 02:00pm","Awarded"
"1784987646-431","https://pbsystem.planetbids.com/portal/15300/bo/bo-search","Arden Connector Streetscapes Maintenance","B25151681004","10/09/2024 02:00pm","Awarded"
"1784987646-432","https://pbsystem.planetbids.com/portal/15300/bo/bo-search","DISPOSAL OF USED OIL, LUBRICANTS, AND OTHER MATERIALS","B25141121700","10/08/2024 02:00pm","Awarded"
"1784987646-433","https://pbsystem.planetbids.com/portal/15300/bo/bo-search","Incident Management Courses (IMT)","B251100141104","10/03/2024 05:00pm","Closed"
"1784987646-434","https://pbsystem.planetbids.com/portal/15300/bo/bo-search","Liebert EXM Uninterruptible Power Supply System","B25141361701","09/30/2024 02:00pm","Awarded"
"1784987646-435","https://pbsystem.planetbids.com/portal/15300/bo/bo-search","Citywide Encampment Cleanup Services","P23001021004","09/30/2024 02:00pm","Canceled"
"1784987646-436","https://pbsystem.planetbids.com/portal/15300/bo/bo-search","Franklin Boulevard Complete Street Phase 3","P25151111004","09/30/2024 02:00pm","Awarded"
"1784987646-437","https://pbsystem.planetbids.com/portal/15300/bo/bo-search","Legal Counsel (Litigation and General) for Future EIFD Public Finance Authority(ies) (PFAs)","Q25061321001","09/25/2024 05:00pm","Awarded"
"1784987646-438","https://pbsystem.planetbids.com/portal/15300/bo/bo-search","Lavender Heights Water Main Replacement Project","P24141322041","09/25/2024 02:00pm","Awarded"
"1784987646-439","https://pbsystem.planetbids.com/portal/15300/bo/bo-search","Fertilizers, Herbicides, Pesticides, and Rodenticides for Parks and other Open Spaces (Citywide)","B25061521001","09/25/2024 02:00pm","Awarded"
"1784987646-440","https://pbsystem.planetbids.com/portal/15300/bo/bo-search","Public Banking Business Plan","Q25051011001","09/20/2024 04:00pm","Canceled"
"1784987646-441","https://pbsystem.planetbids.com/portal/15300/bo/bo-search","On-Call Electric Motor Repair Parts & Service","Q24141361712","09/19/2024 02:00pm","Rejected"
"1784987646-442","https://pbsystem.planetbids.com/portal/15300/bo/bo-search","Martin Luther King Jr. Library Remodel Switchboard Purchase","B24014541003","09/18/2024 02:00pm","Awarded"
"1784987646-443","https://pbsystem.planetbids.com/portal/15300/bo/bo-search","CM Services for Auburn Blvd Bridge Replacement","P25151111003","09/18/2024 11:00am","Closed"
"1784987646-444","https://pbsystem.planetbids.com/portal/15300/bo/bo-search","Specialized Business Technical Assistance Provider (sTAP)","Q25020014003","09/13/2024 04:00pm","Closed"
"1784987646-445","https://pbsystem.planetbids.com/portal/15300/bo/bo-search","Core Business Technical Assistance Provider (cTAP)","P25020014002","09/13/2024 04:00pm","Awarded"
"1784987646-446","https://pbsystem.planetbids.com/portal/15300/bo/bo-search","Clean-up Services","P24141431711","09/13/2024 02:00pm","Canceled"
"1784987646-447","https://pbsystem.planetbids.com/portal/15300/bo/bo-search","Incident Management Courses (IMT)","B251100141102","09/12/2024 05:00pm","Canceled"
"1784987646-448","https://pbsystem.planetbids.com/portal/15300/bo/bo-search","All Hazards Incident Management Team (IMT 0305)","B251100141101","09/12/2024 05:00pm","Closed"
"1784987646-449","https://pbsystem.planetbids.com/portal/15300/bo/bo-search","On-Call Utility System Programming Support 2024-29","Q24141311036","09/12/2024 03:00pm","Awarded"
"1784987646-450","https://pbsystem.planetbids.com/portal/15300/bo/bo-search","On-Call Corrosion Specialist Support 2024-29","Q24141311037","09/12/2024 03:00pm","Awarded"
"1784987646-451","https://pbsystem.planetbids.com/portal/15300/bo/bo-search","PANNELL COMMUNITY CENTER RESILIENCY INDOOR AIR QUALITY IMPROVEMENTS","P24014541004","09/12/2024 02:00pm","Closed"
"1784987646-452","https://pbsystem.planetbids.com/portal/15300/bo/bo-search","Illegal Dumping Surveillance System - R&SW Code Enforcement","P25155861002","09/11/2024 05:00pm","Awarded"
"1784987646-453","https://pbsystem.planetbids.com/portal/15300/bo/bo-search","Electric Wire Rope Hoist","B24141451509","09/11/2024 02:00pm","Awarded"
"1784987646-454","https://pbsystem.planetbids.com/portal/15300/bo/bo-search","Sim Park Baseball Improvements","B24191121009","09/11/2024 02:00pm","Awarded"
"1784987646-455","https://pbsystem.planetbids.com/portal/15300/bo/bo-search","3M Reflective Sheeting, Tape, and Film","B25151931002","09/11/2024 02:00pm","Awarded"
"1784987646-456","https://pbsystem.planetbids.com/portal/15300/bo/bo-search","Facility Chemical Containment Coating","B24141311038","09/11/2024 02:00pm","Closed"
"1784987646-457","https://pbsystem.planetbids.com/portal/15300/bo/bo-search","Flood Control and Landscape Maintenance Services","B24141431718","09/11/2024 02:00pm","Awarded"
"1784987646-458","https://pbsystem.planetbids.com/portal/15300/bo/bo-search","Branch Open-Hours Assessment (Sacramento Public Library Authority)","SPLBID1181","09/06/2024 05:00pm","Awarded"
"1784987646-459","https://pbsystem.planetbids.com/portal/15300/bo/bo-search","Sacramento River Watershed Sanitary Survey 2025 Update","P24141311039","09/06/2024 03:00pm","Closed"
"1784987646-460","https://pbsystem.planetbids.com/portal/15300/bo/bo-search","Precast Concrete Manhole Components","B24141421722","09/06/2024 02:00pm","Awarded"
"1784987646-461","https://pbsystem.planetbids.com/portal/15300/bo/bo-search","SB 1383 Residential Route Reviews","P2515577102","09/04/2024 05:00pm","Awarded"
"1784987646-462","https://pbsystem.planetbids.com/portal/15300/bo/bo-search","Style 1 Decorative Poles w/o Anchor Bolts","B25151951003","09/04/2024 02:00pm","Awarded"
"1784987646-463","https://pbsystem.planetbids.com/portal/15300/bo/bo-search","Franklin Blvd Complete Street (rebid)","B25151111002","09/04/2024 02:00pm","Awarded"
"1784987646-464","https://pbsystem.planetbids.com/portal/15300/bo/bo-search","Stockton Blvd Multimodal Partnership & BRT","P25151111001","08/30/2024 02:00pm","Awarded"
"1784987646-465","https://pbsystem.planetbids.com/portal/15300/bo/bo-search","SWAT Equipment and Personnel Transportation Van","B25153311002","08/28/2024 02:00pm","Awarded"
"1784987646-466","https://pbsystem.planetbids.com/portal/15300/bo/bo-search","CSS Pipe Program Block 5 R&R","B24141311035","08/28/2024 02:00pm","Awarded"
"1784987646-467","https://pbsystem.planetbids.com/portal/15300/bo/bo-search","DISPOSAL OF USED OIL, LUBRICANTS, AND OTHER MATERIALS","B24141121721","08/27/2024 02:00pm","Canceled"
"1784987646-468","https://pbsystem.planetbids.com/portal/15300/bo/bo-search","Landfill and Waste Disposal Services","B24141451710","08/21/2024 02:00pm","Awarded"
"1784987646-469","https://pbsystem.planetbids.com/portal/15300/bo/bo-search","Small Tools and Instrumentation Equipment","B24141361719","08/19/2024 02:00pm","Awarded"
"1784987646-470","https://pbsystem.planetbids.com/portal/15300/bo/bo-search","WELDING SUPPLIES","B24141451717","08/19/2024 02:00pm","Awarded"
"1784987646-471","https://pbsystem.planetbids.com/portal/15300/bo/bo-search","Community Outreach Services","P2523001021003","08/19/2024 02:00pm","Awarded"
"1784987646-472","https://pbsystem.planetbids.com/portal/15300/bo/bo-search","Outreach & Engagement Center Operations","P2523001021002","08/19/2024 02:00pm","Awarded"
"1784987646-473","https://pbsystem.planetbids.com/portal/15300/bo/bo-search","Roseville Road Campus Operations","P2523001021001","08/19/2024 02:00pm","Rejected"
"1784987646-474","https://pbsystem.planetbids.com/portal/15300/bo/bo-search","Debt Collection Agency Services","P25061241001","08/13/2024 04:00pm","Awarded"
"1784987646-475","https://pbsystem.planetbids.com/portal/15300/bo/bo-search","Site-Specific Spill Prevention Control and Countermeasure Plans (SPCCP's)","B25153311001","08/07/2024 02:00pm","Awarded"
"1784987646-476","https://pbsystem.planetbids.com/portal/15300/bo/bo-search","Public/Private Partnership for BLS Ambulance Services","P25121441001","08/07/2024 02:00pm","Awarded"
"1784987646-477","https://pbsystem.planetbids.com/portal/15300/bo/bo-search","Economic Development Data Intelligence Software Service","P25021411001","08/05/2024 04:00pm","Awarded"
"1784987646-478","https://pbsystem.planetbids.com/portal/15300/bo/bo-search","City of Sacramento Worker’s Compensation Claim System","P24071011010","08/01/2024 02:00pm","Awarded"
"1784987646-479","https://pbsystem.planetbids.com/portal/15300/bo/bo-search","Electrical Wire Hoist and Inspection","B24141451508","07/29/2024 02:00pm","Canceled"
"1784987646-480","https://pbsystem.planetbids.com/portal/15300/bo/bo-search","3D Scanning of Sacramento Library Locations (Sacramento Public Library Authority)","SPLBID1178","07/26/2024 06:00pm","Awarded"
"1784987646-481","https://pbsystem.planetbids.com/portal/15300/bo/bo-search","Window Treatment and Services (Sacramento Public Library Authority)","SPLBID1177","07/26/2024 06:00pm","Canceled"
"1784987646-482","https://pbsystem.planetbids.com/portal/15300/bo/bo-search","Wastewater System Flow Monitoring Years 2025-2027","P24141311034","07/25/2024 03:00pm","Awarded"
"1784987646-483","https://pbsystem.planetbids.com/portal/15300/bo/bo-search","North Pointe Park Improvements","B24191121008","07/25/2024 02:00pm","Awarded"
"1784987646-484","https://pbsystem.planetbids.com/portal/15300/bo/bo-search","Ninos Park Improvements","B24191121007","07/24/2024 02:00pm","Awarded"
"1784987646-485","https://pbsystem.planetbids.com/portal/15300/bo/bo-search","L and N Streets Bikeways Project","P24151061028","07/24/2024 02:00pm","Awarded"
"1784987646-486","https://pbsystem.planetbids.com/portal/15300/bo/bo-search","City Annual Cost Allocation Services","P24061411001","07/23/2024 03:00pm","Awarded"
"1784987646-487","https://pbsystem.planetbids.com/portal/15300/bo/bo-search","Temporary Traffic Control Devices","B25151931001","07/23/2024 02:00pm","Closed"
"1784987646-488","https://pbsystem.planetbids.com/portal/15300/bo/bo-search","North 5th Street Emergency Shelter Operations and Rehousing Services","P24231031003","07/19/2024 05:00pm","Awarded"
"1784987646-489","https://pbsystem.planetbids.com/portal/15300/bo/bo-search","Landscape Maintenance for Meadowview City Complex","P24155711002","07/19/2024 12:00pm","Awarded"
"1784987646-490","https://pbsystem.planetbids.com/portal/15300/bo/bo-search","On-Call Crowd Management and Event Security Guard Services","Q24171121001","07/17/2024 02:00pm","Awarded"
"1784987646-491","https://pbsystem.planetbids.com/portal/15300/bo/bo-search","Plumbing Parts, Valves and Accessories","B24141451612","07/12/2024 02:00pm","Awarded"
"1784987646-492","https://pbsystem.planetbids.com/portal/15300/bo/bo-search","Refractory Replacement AJAX Boiler","B24171131002","07/11/2024 02:00pm","Awarded"
"1784987646-493","https://pbsystem.planetbids.com/portal/15300/bo/bo-search","Anthracite Media for Drinking Water Treatment","B24141322716","07/10/2024 02:33pm","Awarded"
"1784987646-494","https://pbsystem.planetbids.com/portal/15300/bo/bo-search","PANNELL COMMUNITY CENTER RESILENCY INDOOR AIR QUALITY IMPROVEMENTS","P24014541003","07/02/2024 02:00pm","Closed"
"1784987646-495","https://pbsystem.planetbids.com/portal/15300/bo/bo-search","Citywide Confidential Document Shredding Services","P24061521015","06/27/2024 02:00pm","Rejected"
"1784987646-496","https://pbsystem.planetbids.com/portal/15300/bo/bo-search","Ford Police Interceptor Utility Vehicles","B24153311011","06/26/2024 02:00pm","Awarded"
"1784987646-497","https://pbsystem.planetbids.com/portal/15300/bo/bo-search","Power Tools & Equipment","B24141451611","06/25/2024 02:00pm","Awarded"
"1784987646-498","https://pbsystem.planetbids.com/portal/15300/bo/bo-search","Community Facilities District Appraiser and Appraisal Reviewer - Request for Qualifications","Q24051011002","06/21/2024 04:00pm","Awarded"
"1784987646-499","https://pbsystem.planetbids.com/portal/15300/bo/bo-search","Rubber Products","B24141451606","06/21/2024 03:00pm","Awarded"
"1784987646-500","https://pbsystem.planetbids.com/portal/15300/bo/bo-search","Fence Supplies","B24141451610","06/21/2024 02:00pm","Awarded"
"1784987646-501","https://pbsystem.planetbids.com/portal/15300/bo/bo-search","Diamond Blades & Compaction Equipment","B24141451609","06/21/2024 02:00pm","Closed"
"1784987646-502","https://pbsystem.planetbids.com/portal/15300/bo/bo-search","Battery Supplies","B24141451608","06/21/2024 02:00pm","Awarded"
"1784987646-503","https://pbsystem.planetbids.com/portal/15300/bo/bo-search","Pipe & Steel Products","B24141451607","06/21/2024 02:00pm","Awarded"
"1784987646-504","https://pbsystem.planetbids.com/portal/15300/bo/bo-search","Electronic Parts","B24141451605","06/21/2024 02:00pm","Awarded"
"1784987646-505","https://pbsystem.planetbids.com/portal/15300/bo/bo-search","Electrical / Electronic Parts & Repairs","B24141451604","06/21/2024 02:00pm","Rejected"
"1784987646-506","https://pbsystem.planetbids.com/portal/15300/bo/bo-search","Sand & Gravel","B24141451603","06/21/2024 02:00pm","Awarded"
"1784987646-507","https://pbsystem.planetbids.com/portal/15300/bo/bo-search","Volumetric Concrete Mix & Delivery (Mixed at Job Site)","B24141451602","06/21/2024 02:00pm","Closed"
"1784987646-508","https://pbsystem.planetbids.com/portal/15300/bo/bo-search","Crystalline Sodium Fluoride","B24141111802","06/21/2024 02:00pm","Awarded"
"1784987646-509","https://pbsystem.planetbids.com/portal/15300/bo/bo-search","Appliance Processing","B2415731002","06/19/2024 02:00pm","Awarded"
"1784987646-510","https://pbsystem.planetbids.com/portal/15300/bo/bo-search","e-Waste Processing","B2415731001","06/19/2024 02:00pm","Awarded"
"1784987646-511","https://pbsystem.planetbids.com/portal/15300/bo/bo-search","Franklin Blvd Complete Street Project","B24151061027","06/19/2024 02:00pm","Closed"
"1784987646-512","https://pbsystem.planetbids.com/portal/15300/bo/bo-search","Sump 46 & 157 Structural Repair","B24141311033","06/19/2024 02:00pm","Awarded"
"1784987646-513","https://pbsystem.planetbids.com/portal/15300/bo/bo-search","As-needed purchase of diamond blades and compaction equipment","B24151631038","06/18/2024 02:00pm","Closed"
"1784987646-514","https://pbsystem.planetbids.com/portal/15300/bo/bo-search","As-needed purchase of landscaping materials and related items","B24151651037","06/13/2024 02:00pm","Awarded"
"1784987646-515","https://pbsystem.planetbids.com/portal/15300/bo/bo-search","Center for Sacramento History Move","P24171911001","06/13/2024 02:00pm","Awarded"
"1784987646-516","https://pbsystem.planetbids.com/portal/15300/bo/bo-search","As-Needed Purchase of Arborist Materials and Supplies","B24151811036","06/12/2024 02:00pm","Awarded"
"1784987646-517","https://pbsystem.planetbids.com/portal/15300/bo/bo-search","Emergency Generator Maintenance and Repair Services","B24171121004","06/12/2024 02:00pm","Awarded"
"1784987646-518","https://pbsystem.planetbids.com/portal/15300/bo/bo-search","Winn Park Building Cold Shell Remodel","B24014541002","06/12/2024 02:00pm","Closed"
"1784987646-519","https://pbsystem.planetbids.com/portal/15300/bo/bo-search","As-Needed Purchase of Rubber Sealant Products and Related Items","B24151631035","06/11/2024 02:00pm","Awarded"
"1784987646-520","https://pbsystem.planetbids.com/portal/15300/bo/bo-search","Sacramento Transportation Infrastructure Adaptation Plan","P24151061026","06/06/2024 04:00pm","Awarded"
"1784987646-521","https://pbsystem.planetbids.com/portal/15300/bo/bo-search","West Natomas Class 1 Bikeway Maintenance","B24151681033","06/05/2024 02:00pm","Awarded"
"1784987646-522","https://pbsystem.planetbids.com/portal/15300/bo/bo-search","South Sacramento Class 1 Bikeway Maintenance","B24151681032","06/05/2024 02:00pm","Awarded"
"1784987646-523","https://pbsystem.planetbids.com/portal/15300/bo/bo-search","Streetscapes Pest Control Services","B24151681031","06/05/2024 02:00pm","Closed"
"1784987646-524","https://pbsystem.planetbids.com/portal/15300/bo/bo-search","Pedestrian Islands and Traffic Circle Streetscapes Maintenance","B24151681030","06/05/2024 02:00pm","Awarded"
"1784987646-525","https://pbsystem.planetbids.com/portal/15300/bo/bo-search","Mid Sacramento Class 1 Bikeway Maintenance","B24151681029","06/05/2024 02:00pm","Awarded"
"1784987646-526","https://pbsystem.planetbids.com/portal/15300/bo/bo-search","East Natomas Class 1 Bikeway Maintenance","B24151681028","06/05/2024 02:00pm","Awarded"
"1784987646-527","https://pbsystem.planetbids.com/portal/15300/bo/bo-search","West Natomas Central Streetscapes Maintenance","B24151681034","06/05/2024 02:00pm","Awarded"
"1784987646-528","https://pbsystem.planetbids.com/portal/15300/bo/bo-search","Wood Chip Material Replacement by Pneumatic (Blow-in) Installation in City Parks","B24191311012","06/05/2024 02:00pm","Awarded"
"1784987646-529","https://pbsystem.planetbids.com/portal/15300/bo/bo-search","As-Needed Rental of Asphalt Pavers","B24151631027","06/04/2024 02:00pm","Awarded"
"1784987646-530","https://pbsystem.planetbids.com/portal/15300/bo/bo-search","Drinking & Bottled Water Delivery & Related Services","B24061521014","06/04/2024 02:00pm","Rejected"
"1784987646-531","https://pbsystem.planetbids.com/portal/15300/bo/bo-search","Portable Restroom, Sink & Shower Rentals & Service","B24061521012","06/04/2024 02:00pm","Rejected"
"1784987646-532","https://pbsystem.planetbids.com/portal/15300/bo/bo-search","Emergency Generator Red Diesel and Fuel Polishing","B24171121005","06/03/2024 02:00pm","Awarded"
"1784987646-533","https://pbsystem.planetbids.com/portal/15300/bo/bo-search","Security Officer Services (Sacramento Public Library Authority)","SPLBID1176","05/31/2024 06:00pm","Awarded"
"1784987646-534","https://pbsystem.planetbids.com/portal/15300/bo/bo-search","State Mandated Cost Claiming Services","P24061211002","05/30/2024 04:00pm","Awarded"
"1784987646-535","https://pbsystem.planetbids.com/portal/15300/bo/bo-search","Trucking Services in Support of Minor Street Repairs","B24151631026","05/29/2024 02:00pm","Awarded"
"1784987646-536","https://pbsystem.planetbids.com/portal/15300/bo/bo-search","Apparatus Equipment for Fire Department","B24121461001","05/29/2024 02:00pm","Closed"
"1784987646-537","https://pbsystem.planetbids.com/portal/15300/bo/bo-search","Demonstration Garden Landscaping Maintenance","B24141381715","05/24/2024 02:00pm","Awarded"
"1784987646-538","https://pbsystem.planetbids.com/portal/15300/bo/bo-search","Renfree Field Renovations at Del Paso Park","B24191121006","05/22/2024 02:00pm","Awarded"
"1784987646-539","https://pbsystem.planetbids.com/portal/15300/bo/bo-search","PANNELL COMMUNITY CENTER RESILENCY INDOOR AIR QUALITY IMPROVEMENTS","P24014541002","05/21/2024 02:00pm","Closed"
"1784987646-540","https://pbsystem.planetbids.com/portal/15300/bo/bo-search","City of Sacramento Data Strategy & Governance Plan","P24071011006","05/21/2024 02:00pm","Awarded"
"1784987646-541","https://pbsystem.planetbids.com/portal/15300/bo/bo-search","Vision Zero Action Plan Update","P24151921025","05/17/2024 04:00pm","Awarded"
"1784987646-542","https://pbsystem.planetbids.com/portal/15300/bo/bo-search","City Motel Program Emergency and Transitional Shelter","P24231031002","05/16/2024 05:00pm","Awarded"
"1784987646-543","https://pbsystem.planetbids.com/portal/15300/bo/bo-search","Camellia Park Irrigation Renovation","B24191121005","05/16/2024 02:00pm","Awarded"
"1784987646-544","https://pbsystem.planetbids.com/portal/15300/bo/bo-search","Sealed Lead Acid (SLA) Battery Replacement","B24171121003","05/15/2024 02:00pm","Awarded"
"1784987646-545","https://pbsystem.planetbids.com/portal/15300/bo/bo-search","Refractory Replacement AJAX Boiler","B24171131001","05/15/2024 02:00pm","Rejected"
"1784987646-546","https://pbsystem.planetbids.com/portal/15300/bo/bo-search","Cannabis Opportunity Reinvestment and Equity (CORE) Program Technical Assistance","P24021101002","05/15/2024 02:00pm","Awarded"
"1784987646-547","https://pbsystem.planetbids.com/portal/15300/bo/bo-search","Oracle CC&B","P24071011008","05/14/2024 02:00pm","Awarded"
"1784987646-548","https://pbsystem.planetbids.com/portal/15300/bo/bo-search","Mobile Services and General Maintenance and Repairs for Medium and Heavy-Duty Vehicles and Equipment","B24153311010","05/13/2024 02:23pm","Awarded"
"1784987646-549","https://pbsystem.planetbids.com/portal/15300/bo/bo-search","Sacramento Fire Background Investigations","P24121331001","05/10/2024 05:00pm","Awarded"
"1784987646-550","https://pbsystem.planetbids.com/portal/15300/bo/bo-search","Air Wall Maintenance and As-Needed Service","B24171121002","05/10/2024 02:00pm","Awarded"
"1784987646-551","https://pbsystem.planetbids.com/portal/15300/bo/bo-search","Landscaping Services for SAFE Credit Union Convention and Performing Arts District","B24171121001","05/08/2024 05:00pm","Awarded"
"1784987646-552","https://pbsystem.planetbids.com/portal/15300/bo/bo-search","Industrial Coating Specialists for Qualified List and On-Call Services 2024-29","Q24141311032","05/08/2024 03:00pm","Awarded"
"1784987646-553","https://pbsystem.planetbids.com/portal/15300/bo/bo-search","Memorial Auditorium Loading Dock Improvements","B24151921024","05/08/2024 02:00pm","Closed"
"1784987646-554","https://pbsystem.planetbids.com/portal/15300/bo/bo-search","Oakbrook Park Community Garden","B24191121003","05/08/2024 02:00pm","Awarded"
"1784987646-555","https://pbsystem.planetbids.com/portal/15300/bo/bo-search","Ready-Mixed Concrete","B24151651025","05/08/2024 02:00pm","Awarded"
"1784987646-556","https://pbsystem.planetbids.com/portal/15300/bo/bo-search","Southside Park Pond Clearing","B24191311011","05/01/2024 02:00pm","Awarded"
"1784987646-557","https://pbsystem.planetbids.com/portal/15300/bo/bo-search","Shade Canopy Repair Maintenance and Replacement in City Parks","B24191311010","05/01/2024 02:00pm","Awarded"
"1784987646-558","https://pbsystem.planetbids.com/portal/15300/bo/bo-search","Southside Park Pool Renovation","B24014541001","05/01/2024 02:00pm","Closed"
"1784987646-559","https://pbsystem.planetbids.com/portal/15300/bo/bo-search","Original Equipment Manufacturer (OEM) Parts and Repairs For Ford Vehicles","B24153311009","05/01/2024 02:00pm","Awarded"
"1784987646-560","https://pbsystem.planetbids.com/portal/15300/bo/bo-search","Old Sacramento Wayfinding Signs","B24171911001","04/29/2024 02:00pm","Awarded"
"1784987646-561","https://pbsystem.planetbids.com/portal/15300/bo/bo-search","Temporary Staffing Service for Paid Student Partnerships (Sacramento Public Library Authority)","SPLBID1180","04/26/2024 05:00pm","Awarded"
"1784987646-562","https://pbsystem.planetbids.com/portal/15300/bo/bo-search","OPEB Actuary Services 2024-2028 (""Other PostEmployment Benefits"")","P24061311002","04/26/2024 05:00pm","Awarded"
"1784987646-563","https://pbsystem.planetbids.com/portal/15300/bo/bo-search","Student Intern Services","P24061511011","04/25/2024 05:00pm","Awarded"
"1784987646-564","https://pbsystem.planetbids.com/portal/15300/bo/bo-search","Official City Newspaper Advertising for Fiscal Year 2024/25","B24061521010","04/23/2024 03:00pm","Awarded"
"1784987646-565","https://pbsystem.planetbids.com/portal/15300/bo/bo-search","Proposition 64 Cohort 2 Audit (Public Health and Safety Grant Award Independent Audit)","P24191911003","04/18/2024 05:00pm","Awarded"
"1784987646-566","https://pbsystem.planetbids.com/portal/15300/bo/bo-search","Source Water Protection Consultation","Q24141311031","04/18/2024 03:00pm","Awarded"
"1784987646-567","https://pbsystem.planetbids.com/portal/15300/bo/bo-search","Crack Seal Material","B24151631025","04/18/2024 02:00pm","Awarded"
"1784987646-568","https://pbsystem.planetbids.com/portal/15300/bo/bo-search","Ninos Parkway Phase 2","B24151921023","04/17/2024 02:00pm","Awarded"
"1784987646-569","https://pbsystem.planetbids.com/portal/15300/bo/bo-search","Revenue Audit and Recovery Services","P24061211001","04/16/2024 05:00pm","Awarded"
"1784987646-570","https://pbsystem.planetbids.com/portal/15300/bo/bo-search","Guardrail Material","B24151931024","04/16/2024 02:00pm","Awarded"
"1784987646-571","https://pbsystem.planetbids.com/portal/15300/bo/bo-search","Classification and Compensation Services","P24081111003","04/12/2024 03:00pm","Awarded"
"1784987646-572","https://pbsystem.planetbids.com/portal/15300/bo/bo-search","Executive Recruitment Services","P24081111002","04/12/2024 03:00pm","Awarded"
"1784987646-573","https://pbsystem.planetbids.com/portal/15300/bo/bo-search","Citywide Recruitment Services","P24081111001","04/12/2024 03:00pm","Awarded"
"1784987646-574","https://pbsystem.planetbids.com/portal/15300/bo/bo-search","Salmon Habitat Construction - American River, River Bend Site (revised design)","P24804101002","04/12/2024 12:00pm","Awarded"
"1784987646-575","https://pbsystem.planetbids.com/portal/15300/bo/bo-search","Uniform Rental and Laundering Services (Citywide)","P24061521009","04/10/2024 03:00pm","Awarded"
"1784987646-576","https://pbsystem.planetbids.com/portal/15300/bo/bo-search","Wood Park Community Garden","B24191121004","04/10/2024 02:00pm","Awarded"
"1784987646-577","https://pbsystem.planetbids.com/portal/15300/bo/bo-search","Leashes and Collars","B24211431001","04/09/2024 04:00pm","Awarded"
"1784987646-578","https://pbsystem.planetbids.com/portal/15300/bo/bo-search","Classification and Compensation Study  for Sacramento Public Library Authority","SPLBID1175","04/05/2024 06:00pm","Awarded"
"1784987646-579","https://pbsystem.planetbids.com/portal/15300/bo/bo-search","Fee Study - Fire Department","P24121011001","04/05/2024 05:00pm","Awarded"
"1784987646-580","https://pbsystem.planetbids.com/portal/15300/bo/bo-search","Old Sacramento Waterfront Docks Concessionaire","P24171011001","04/03/2024 05:00pm","Awarded"
"1784987646-581","https://pbsystem.planetbids.com/portal/15300/bo/bo-search","Trash and Debris Removal Services","Q24211313002","04/01/2024 04:00pm","Awarded"
"1784987646-582","https://pbsystem.planetbids.com/portal/15300/bo/bo-search","Weed Abatement Services","Q24211313003","04/01/2024 04:00pm","Awarded"
"1784987646-583","https://pbsystem.planetbids.com/portal/15300/bo/bo-search","Protection of City Water Entitlements","Q24141311030","04/01/2024 03:00pm","Awarded"
"1784987646-584","https://pbsystem.planetbids.com/portal/15300/bo/bo-search","Federal Legislative Advocacy Services","P24021011002","04/01/2024 02:00pm","Awarded"
"1784987646-585","https://pbsystem.planetbids.com/portal/15300/bo/bo-search","Auditing Services 2024-2028","P24061311001","03/29/2024 05:00pm","Awarded"
"1784987646-586","https://pbsystem.planetbids.com/portal/15300/bo/bo-search","Youth Workforce Training Program","P24021411003","03/29/2024 05:00pm","Closed"
"1784987646-587","https://pbsystem.planetbids.com/portal/15300/bo/bo-search","Norwood Avenue Complete Streets Transportation Plan","P24151921022","03/29/2024 04:00pm","Awarded"
"1784987646-588","https://pbsystem.planetbids.com/portal/15300/bo/bo-search","RipRap Materials and Delivery for Slope Armoring","B24141451708","03/29/2024 02:00pm","Canceled"
"1784987646-589","https://pbsystem.planetbids.com/portal/15300/bo/bo-search","Grants Management System Enhancement and Support","P24071011007","03/27/2024 02:00pm","Awarded"
"1784987646-590","https://pbsystem.planetbids.com/portal/15300/bo/bo-search","REQUEST FOR QUALIFICATIONS   FOR   ON-CALL GENERAL CONTRACTING","Q24014541001","03/26/2024 02:20pm","Awarded"
"1784987646-591","https://pbsystem.planetbids.com/portal/15300/bo/bo-search","South Natomas Community Center HVAC Control Systems Replacement","P24014541001","03/26/2024 02:00pm","Awarded"
"1784987646-592","https://pbsystem.planetbids.com/portal/15300/bo/bo-search","Community Workforce Training Program, Reporting and Tracking Services","P24151121021","03/22/2024 04:00pm","Closed"
"1784987646-593","https://pbsystem.planetbids.com/portal/15300/bo/bo-search","Salmon Habitat Construction - American River, River Bend Site","P24804101001","03/20/2024 03:00pm","Rejected"
"1784987646-594","https://pbsystem.planetbids.com/portal/15300/bo/bo-search","On-Call Groundwater Specialist Support 2024-29","Q24141311029","03/20/2024 03:00pm","Awarded"
"1784987646-595","https://pbsystem.planetbids.com/portal/15300/bo/bo-search","Audio/Visual System for Sacramento Public Library Authority","SPLBID1173","03/15/2024 03:00pm","Awarded"
"1784987646-596","https://pbsystem.planetbids.com/portal/15300/bo/bo-search","Dixieanne Neighborhood Permeable Pavers","RFB24151121020","03/15/2024 02:00pm","Closed"
"1784987646-597","https://pbsystem.planetbids.com/portal/15300/bo/bo-search","CM Services for Franklin Blvd. Complete Street Project","P24151921019","03/13/2024 11:00am","Awarded"
"1784987646-598","https://pbsystem.planetbids.com/portal/15300/bo/bo-search","Sump 85 Force Main Condition Assessment","P24141311028","03/07/2024 05:00pm","Closed"
"1784987646-599","https://pbsystem.planetbids.com/portal/15300/bo/bo-search","Danny Nunn Park Playground Improvements","B24191121002","03/07/2024 02:00pm","Awarded"
"1784987646-600","https://pbsystem.planetbids.com/portal/15300/bo/bo-search","Expanded Learning Enrichment Providers - School Year 2024/25 and Summer 2025 (Robla School District)","P24191631001","03/01/2024 03:00pm","Awarded"
"1784987646-601","https://pbsystem.planetbids.com/portal/15300/bo/bo-search","Northgate Boulevard Property and Business Improvement District Formation","P24061321100","02/29/2024 04:00pm","Awarded"
"1784987646-602","https://pbsystem.planetbids.com/portal/15300/bo/bo-search","Allison Transmission Original Equipment Manufacturer (OEM) Parts and Repairs","B24153311007","02/28/2024 02:30pm","Awarded"
"1784987646-603","https://pbsystem.planetbids.com/portal/15300/bo/bo-search","Class A (with tanker endorsement) and Class B Unrestricted Driver Training","B24153311008","02/28/2024 02:30pm","Awarded"
"1784987646-604","https://pbsystem.planetbids.com/portal/15300/bo/bo-search","Dixieanne Neighborhood Clean & Green Alleys","B24151131018","02/28/2024 02:00pm","Closed"
"1784987646-605","https://pbsystem.planetbids.com/portal/15300/bo/bo-search","Municipal Advisory Services","Q24051011001","02/26/2024 04:00pm","Closed"
"1784987646-606","https://pbsystem.planetbids.com/portal/15300/bo/bo-search","Howe Avenue Transportation & Vision Zero Plan","P24151921016","02/26/2024 04:00pm","Awarded"
"1784987646-607","https://pbsystem.planetbids.com/portal/15300/bo/bo-search","SVS Regional Commuter Bus Stops","P24151921017","02/23/2024 05:00pm","Closed"
"1784987646-608","https://pbsystem.planetbids.com/portal/15300/bo/bo-search","Bikeway Separation Treatments Project","P24151921014","02/23/2024 04:00pm","Awarded"
"1784987646-609","https://pbsystem.planetbids.com/portal/15300/bo/bo-search","Gas Detection Equipment, Maintenance and Monitoring","P24141421800","02/21/2024 05:00pm","Awarded"
"1784987646-610","https://pbsystem.planetbids.com/portal/15300/bo/bo-search","SVS Regional Bus Mobility Hub NEPA Environmental","P241519201015","02/16/2024 05:00pm","Awarded"
"1784987646-611","https://pbsystem.planetbids.com/portal/15300/bo/bo-search","Performance Audit of City of Sacramento’s Animal Care Services Division","P24011011002","02/15/2024 04:00pm","Awarded"
"1784987646-612","https://pbsystem.planetbids.com/portal/15300/bo/bo-search","Cost Allocation Plan for Sacramento Public Library Authority","SPLBID1174","02/12/2024 05:00pm","Awarded"
"1784987646-613","https://pbsystem.planetbids.com/portal/15300/bo/bo-search","Landscape Maintenance Services – Freeport Water Treatment Plant Buffer Zone","B24141431705","02/09/2024 02:00pm","Awarded"
"1784987646-614","https://pbsystem.planetbids.com/portal/15300/bo/bo-search","Vinyl Mural Printing and Installation Services at Sutter's Landing Regional Park - Re-Bid","B2417821003","02/08/2024 02:00pm","Closed"
"1784987646-615","https://pbsystem.planetbids.com/portal/15300/bo/bo-search","21st Avenue Beautification Project","B24151141013","02/07/2024 02:00pm","Awarded"
"1784987646-616","https://pbsystem.planetbids.com/portal/15300/bo/bo-search","Trash and Debris Abatement Services for Various Parks Sites and Trails","B24191311009","02/07/2024 02:00pm","Awarded"
"1784987646-617","https://pbsystem.planetbids.com/portal/15300/bo/bo-search","Landscape Maintenance in City Parks","B24191311006","02/07/2024 02:00pm","Awarded"
"1784987646-618","https://pbsystem.planetbids.com/portal/15300/bo/bo-search","Landscape Materials for City Parks","B24191311008","02/07/2024 02:00pm","Awarded"
"1784987646-619","https://pbsystem.planetbids.com/portal/15300/bo/bo-search","65th Expressway Streetscapes Maintenance","B24151681021","02/06/2024 02:00pm","Closed"
"1784987646-620","https://pbsystem.planetbids.com/portal/15300/bo/bo-search","North East Commerce Streetscapes Maintenance","B24151681022","02/06/2024 02:00pm","Awarded"
"1784987646-621","https://pbsystem.planetbids.com/portal/15300/bo/bo-search","Willow Creek Streetscapes Maintenance","B24151681023","02/06/2024 02:00pm","Awarded"
"1784987646-622","https://pbsystem.planetbids.com/portal/15300/bo/bo-search","43rd Avenue Streetscapes Maintenance","B24151681020","02/06/2024 02:00pm","Closed"
"1784987646-623","https://pbsystem.planetbids.com/portal/15300/bo/bo-search","21st Avenue Streetscapes Maintenance","B24151681019","02/06/2024 02:00pm","Closed"
"1784987646-624","https://pbsystem.planetbids.com/portal/15300/bo/bo-search","Weed Abatement Services in City Parks and Open Spaces","B24191311004","01/31/2024 02:00pm","Awarded"
"1784987646-625","https://pbsystem.planetbids.com/portal/15300/bo/bo-search","Pond Maintenance and Testing in City Parks","B24191311005","01/24/2024 02:00pm","Awarded"
"1784987646-626","https://pbsystem.planetbids.com/portal/15300/bo/bo-search","Vegetation Control Service – Open Area Grazing in City Parks","B24191311003","01/24/2024 02:00pm","Awarded"
"1784987646-627","https://pbsystem.planetbids.com/portal/15300/bo/bo-search","Solid Waste Bins","B24155821001","01/19/2024 02:00pm","Awarded"
"1784987646-628","https://pbsystem.planetbids.com/portal/15300/bo/bo-search","Creative Corps Professional Development","P24171831002","01/17/2024 05:00pm","Awarded"
"1784987646-629","https://pbsystem.planetbids.com/portal/15300/bo/bo-search","Technical Assistance for Employers Building Work-Based Learning Opportunities (STEM)","P24191911002","01/17/2024 04:00pm","Awarded"
"1784987646-630","https://pbsystem.planetbids.com/portal/15300/bo/bo-search","Copier Rental and Maintenance Services (Citywide)","P24061521013","01/17/2024 03:00pm","Awarded"
"1784987646-631","https://pbsystem.planetbids.com/portal/15300/bo/bo-search","Viability Study of Forming and Operating a Public Bank","Q24051011001","01/16/2024 04:00pm","Canceled"
"1784987646-632","https://pbsystem.planetbids.com/portal/15300/bo/bo-search","Creative Corps Visual Storytelling","P24171811001","01/12/2024 05:00pm","Awarded"
"1784987646-633","https://pbsystem.planetbids.com/portal/15300/bo/bo-search","Chorley Park Playground Renovation","B24191121001","01/11/2024 02:00pm","Awarded"
"1784987646-634","https://pbsystem.planetbids.com/portal/15300/bo/bo-search","On-site Concrete Pumping Services","B24151651018","01/10/2024 02:00pm","Closed"
"1784987646-635","https://pbsystem.planetbids.com/portal/15300/bo/bo-search","Management and Operation of the Sacramento Softball Complex Cafe","P24191011001","01/10/2024 11:00am","Closed"
"1784987646-636","https://pbsystem.planetbids.com/portal/15300/bo/bo-search","Basic Maintenance Hours E-rate Yr 2024 (YR27) for Sacramento Public Library Authority","SPLBID1172","01/09/2024 03:00pm","Awarded"
"1784987646-637","https://pbsystem.planetbids.com/portal/15300/bo/bo-search","Voluntary Storage Centers (DCR)","P23231021007","01/05/2024 02:00pm","Closed"
"1784987646-638","https://pbsystem.planetbids.com/portal/15300/bo/bo-search","ECE Apprentice Case Management and Wraparound Services","P24021411001","01/02/2024 05:00pm","Awarded"
"1784987646-639","https://pbsystem.planetbids.com/portal/15300/bo/bo-search","Sewer System Management Plan (SSMP) Internal Audit","P23141311025","12/20/2023 03:00pm","Closed"
"1784987646-640","https://pbsystem.planetbids.com/portal/15300/bo/bo-search","Mama Marks Splash Pad","B23191121021","12/20/2023 02:00pm","Awarded"
"1784987646-641","https://pbsystem.planetbids.com/portal/15300/bo/bo-search","Sump 52 Vertical Axial-Mixed Flow Pump Bowl Assembly Replacement","B24141324709","12/20/2023 02:00pm","Awarded"
"1784987646-642","https://pbsystem.planetbids.com/portal/15300/bo/bo-search","Sump 155 Outfall Replacement","B23141311026","12/20/2023 02:00pm","Awarded"
"1784987646-643","https://pbsystem.planetbids.com/portal/15300/bo/bo-search","Mail Preparation, Printing, and Pre-Sorting Service (Citywide)","Q24061521008","12/19/2023 05:00pm","Awarded"
"1784987646-644","https://pbsystem.planetbids.com/portal/15300/bo/bo-search","General Contractor Services at Del Rio Trail Cycle 1","B24171821002","12/13/2023 05:00pm","Awarded"
"1784987646-645","https://pbsystem.planetbids.com/portal/15300/bo/bo-search","Freeway Underpasses Streetscapes Maintenance","B24151681017","12/12/2023 02:00pm","Awarded"
"1784987646-646","https://pbsystem.planetbids.com/portal/15300/bo/bo-search","Vinyl Mural Printing and Installation Services at Sutter's Landing Regional Park (SLRP)","B24171821001","12/07/2023 05:00pm","Rejected"
"1784987646-647","https://pbsystem.planetbids.com/portal/15300/bo/bo-search","Belle Cooledge Community Center ADA Path of Travel Improvements","B23014541004","12/07/2023 02:00pm","Awarded"
"1784987646-648","https://pbsystem.planetbids.com/portal/15300/bo/bo-search","Onsite Concrete Pumping Services","B24151651016","12/05/2023 02:00pm","Closed"
"1784987646-649","https://pbsystem.planetbids.com/portal/15300/bo/bo-search","Laboratory Services for Groundwater Analysis","P24155771003","12/04/2023 12:00pm","Awarded"
"1784987646-650","https://pbsystem.planetbids.com/portal/15300/bo/bo-search","Communication Engineering Services","P23141311024","12/01/2023 03:00pm","Awarded"
"1784987646-651","https://pbsystem.planetbids.com/portal/15300/bo/bo-search","Financial Consultant Services for Economic Development Projects","P24021411002","11/30/2023 05:00pm","Awarded"
"1784987646-652","https://pbsystem.planetbids.com/portal/15300/bo/bo-search","Linear Assault Course","P241100141105","11/30/2023 02:00pm","Closed"
"1784987646-653","https://pbsystem.planetbids.com/portal/15300/bo/bo-search","IED Electronics & Diagnostics Course","P241100141104","11/30/2023 02:00pm","Closed"
"1784987646-654","https://pbsystem.planetbids.com/portal/15300/bo/bo-search","City of Sacramento Data Strategy & Governance Plan","P24071011005","11/30/2023 02:00pm","Rejected"
"1784987646-655","https://pbsystem.planetbids.com/portal/15300/bo/bo-search","Installation and Repair of Vehicle Response Equipment and Lighting","B24153311006","11/29/2023 02:00pm","Awarded"
"1784987646-656","https://pbsystem.planetbids.com/portal/15300/bo/bo-search","San Juan Reservoir Variable Frequency Drive (VFD) and Soft-Starter (SMC) Replacement","B24141361707","11/22/2023 02:00pm","Canceled"
"1784987646-657","https://pbsystem.planetbids.com/portal/15300/bo/bo-search","RipRap Materials and Delivery for Slope Armoring - USACOE Spec","B24141451706","11/20/2023 02:00pm","Canceled"
"1784987646-658","https://pbsystem.planetbids.com/portal/15300/bo/bo-search","Electronic Parts","B24141431601","11/17/2023 10:17am","Canceled"
"1784987646-659","https://pbsystem.planetbids.com/portal/15300/bo/bo-search","Electrical / Electronic Parts and Repairs","B24141431600","11/17/2023 06:48am","Closed"
"1784987646-660","https://pbsystem.planetbids.com/portal/15300/bo/bo-search","On-Call Master Services Agreements for Surveying Services","Q24151141012","11/14/2023 04:00pm","Awarded"
"1784987646-661","https://pbsystem.planetbids.com/portal/15300/bo/bo-search","Cross Connection - Development and Implementation of Application for Backflow Prevention Device Survey and Inspection","P24141471702","11/10/2023 05:00pm","Awarded"
"1784987646-662","https://pbsystem.planetbids.com/portal/15300/bo/bo-search","Library Meeting Room Software for Sacramento Public Library Authority","SPLBID1171","11/10/2023 05:00pm","Awarded"
"1784987646-663","https://pbsystem.planetbids.com/portal/15300/bo/bo-search","72-Inch Force Main Rehabilitation","P23141311023","11/09/2023 05:00pm","Awarded"
"1784987646-664","https://pbsystem.planetbids.com/portal/15300/bo/bo-search","Code Tow Rotation Program","Q24211313001","11/09/2023 04:00pm","Closed"
"1784987646-665","https://pbsystem.planetbids.com/portal/15300/bo/bo-search","Police- Major Collisions Investigations Scanner/Training","B241100113103","11/08/2023 02:00pm","Awarded"
"1784987646-666","https://pbsystem.planetbids.com/portal/15300/bo/bo-search","AB 43 Project","P24151921010","11/03/2023 04:00pm","Awarded"
"1784987646-667","https://pbsystem.planetbids.com/portal/15300/bo/bo-search","LGBTQ+ Historic Context and Survey","P24211221001","11/03/2023 04:00pm","Awarded"
"1784987646-668","https://pbsystem.planetbids.com/portal/15300/bo/bo-search","State Legislative Advocacy Services","P24021011001","11/03/2023 02:00pm","Awarded"
"1784987646-669","https://pbsystem.planetbids.com/portal/15300/bo/bo-search","On-Call Construction Management and Inspection Services","Q23014541002","11/02/2023 02:00pm","Awarded"
"1784987646-670","https://pbsystem.planetbids.com/portal/15300/bo/bo-search","Economic Gardening 2.0 Program Administration - Cohorts 4 - 6","P24020014001","11/01/2023 03:00pm","Awarded"
"1784987646-671","https://pbsystem.planetbids.com/portal/15300/bo/bo-search","Electrical & Lighting Supplies","B24141451704","11/01/2023 02:00pm","Closed"
"1784987646-672","https://pbsystem.planetbids.com/portal/15300/bo/bo-search","Police Bulletproof Vests","B241100135102","11/01/2023 02:00pm","Awarded"
"1784987646-673","https://pbsystem.planetbids.com/portal/15300/bo/bo-search","Diesel Particulate Trap Cleaning and Repairs","B24153311005","10/31/2023 02:00pm","Awarded"
"1784987646-674","https://pbsystem.planetbids.com/portal/15300/bo/bo-search","Mail Pickup and Presorting Services","B23061521007","10/30/2023 05:00pm","Awarded"
"1784987646-675","https://pbsystem.planetbids.com/portal/15300/bo/bo-search","Health Reimbursement Arrangement Recordkeeper Services","P230800102101","10/27/2023 05:00pm","Closed"
"1784987646-676","https://pbsystem.planetbids.com/portal/15300/bo/bo-search","LANDSCAPE MAINTENANCE SERVICES - BASIN 5 WATER QUALITY POND","B24141431500","10/25/2023 02:00pm","Awarded"
"1784987646-677","https://pbsystem.planetbids.com/portal/15300/bo/bo-search","Two Rivers Trail Phase 2","B24151151009","10/25/2023 02:00pm","Awarded"
"1784987646-678","https://pbsystem.planetbids.com/portal/15300/bo/bo-search","Spring and Suspension Services for Trailers and Heavy-Duty Trucks","B24153311004","10/24/2023 02:00am","Awarded"
"1784987646-679","https://pbsystem.planetbids.com/portal/15300/bo/bo-search","On-Call Master Services Agreements for Development Engineering","Q24151151011","10/23/2023 04:00pm","Closed"
"1784987646-680","https://pbsystem.planetbids.com/portal/15300/bo/bo-search","Southside Park Stage, Electrical, and Picnic Area","B23191121020","10/18/2023 02:00pm","Awarded"
"1784987646-681","https://pbsystem.planetbids.com/portal/15300/bo/bo-search","SAMPLING, LABORATORY TESTING, TECHNICAL SUPPORT, AND DISPOSAL SERVICES FOR THE COMBINATION SANITARY SEWER (CSS) MANAGEMENT","P24141421500","10/18/2023 02:00pm","Awarded"
"1784987646-682","https://pbsystem.planetbids.com/portal/15300/bo/bo-search","Martin Luther King Jr. Library Modernization Design Assist Project","Q23014541001","10/17/2023 02:00pm","Awarded"
"1784987646-683","https://pbsystem.planetbids.com/portal/15300/bo/bo-search","Fire Extinguisher Maintenance at Fire Stations","B24121461001","10/13/2023 05:00pm","Awarded"
"1784987646-684","https://pbsystem.planetbids.com/portal/15300/bo/bo-search","Shelter Needs Assessment","P24211441001","10/13/2023 04:00pm","Awarded"
"1784987646-685","https://pbsystem.planetbids.com/portal/15300/bo/bo-search","Periodicals Database Package for Sacramento Public Library Authority","SPLBID1170","10/13/2023 03:00pm","Awarded"
"1784987646-686","https://pbsystem.planetbids.com/portal/15300/bo/bo-search","Utility Network Roadmap","P24071011004","10/13/2023 02:00pm","Awarded"
"1784987646-687","https://pbsystem.planetbids.com/portal/15300/bo/bo-search","North Truxel Streetscapes Maintenance","B24151681013","10/12/2023 02:00pm","Awarded"
"1784987646-688","https://pbsystem.planetbids.com/portal/15300/bo/bo-search","Nuevo Streetscapes Maintenance","B24151681014","10/12/2023 02:00pm","Awarded"
"1784987646-689","https://pbsystem.planetbids.com/portal/15300/bo/bo-search","Village Garden Streetscapes Maintenance","B24151681015","10/12/2023 02:00pm","Awarded"
"1784987646-690","https://pbsystem.planetbids.com/portal/15300/bo/bo-search","Lumber and Miscellaneous Hardware for Fire Dept. Training Academy","B241214210001","10/11/2023 02:00pm","Awarded"
"1784987646-691","https://pbsystem.planetbids.com/portal/15300/bo/bo-search","Sump 151 Outfall Replacement","B23141311021","10/11/2023 02:00pm","Closed"
"1784987646-692","https://pbsystem.planetbids.com/portal/15300/bo/bo-search","Animal Care Streetscapes Maintenance","B24151681011","10/10/2023 02:00pm","Awarded"
"1784987646-693","https://pbsystem.planetbids.com/portal/15300/bo/bo-search","Capitol Streetscapes Maintenance","B24151681012","10/10/2023 02:00pm","Awarded"
"1784987646-694","https://pbsystem.planetbids.com/portal/15300/bo/bo-search","300 Richard Boulevard Streetscapes Maintenance","B24151681010","10/10/2023 02:00pm","Awarded"
"1784987646-695","https://pbsystem.planetbids.com/portal/15300/bo/bo-search","UTILITY BILL INSERT PRINTING","B24141061701","10/09/2023 02:00pm","Awarded"
"1784987646-696","https://pbsystem.planetbids.com/portal/15300/bo/bo-search","On-Call Master Services Agreements for Development Engineering","Q24151151008","10/06/2023 04:00pm","Closed"
"1784987646-697","https://pbsystem.planetbids.com/portal/15300/bo/bo-search","Homeless Youth Shelter and Rehousing Services","P24231031001","10/04/2023 05:00pm","Awarded"
"1784987646-698","https://pbsystem.planetbids.com/portal/15300/bo/bo-search","Citywide Safety Shoe & Boot Services","Q24141451700","10/04/2023 02:56pm","Awarded"
"1784987646-699","https://pbsystem.planetbids.com/portal/15300/bo/bo-search","DRINKING WATER REGULATORY, OPERATIONAL AND TECHNICAL SUPPORT","P24141371505","10/04/2023 02:55pm","Awarded"
"1784987646-700","https://pbsystem.planetbids.com/portal/15300/bo/bo-search","Granite Regional Park Playground","B23191121019","10/04/2023 02:00pm","Awarded"
"1784987646-701","https://pbsystem.planetbids.com/portal/15300/bo/bo-search","Tree Inventory","P24151811006","10/03/2023 02:00pm","Awarded"
"1784987646-702","https://pbsystem.planetbids.com/portal/15300/bo/bo-search","Title Report Search Services","P24211313001","10/02/2023 04:00pm","Awarded"
"1784987646-703","https://pbsystem.planetbids.com/portal/15300/bo/bo-search","City College Reservoir Platform Replacement","P23141311022","09/28/2023 05:00pm","Closed"
"1784987646-704","https://pbsystem.planetbids.com/portal/15300/bo/bo-search","Pavement Condition Data Collection and Analysis","P24151621005","09/27/2023 03:00pm","Awarded"
"1784987646-705","https://pbsystem.planetbids.com/portal/15300/bo/bo-search","2023 Pre-Selected Consultant Services","Q24151131007","09/27/2023 02:00pm","Awarded"
"1784987646-706","https://pbsystem.planetbids.com/portal/15300/bo/bo-search","Construction Supplies and Related Items","B24151631009","09/26/2023 02:00pm","Closed"
"1784987646-707","https://pbsystem.planetbids.com/portal/15300/bo/bo-search","Style 2 Completed Streetlight Poles","B24151941008","09/26/2023 02:00pm","Closed"
"1784987646-708","https://pbsystem.planetbids.com/portal/15300/bo/bo-search","Water Distribution and Water Treatment Operator Certification Preparation","P24141411503","09/25/2023 02:00pm","Awarded"
"1784987646-709","https://pbsystem.planetbids.com/portal/15300/bo/bo-search","SVS Governance","P24151131006","09/22/2023 05:00pm","Awarded"
"1784987646-710","https://pbsystem.planetbids.com/portal/15300/bo/bo-search","Westshore Park","B23191121018","09/20/2023 02:00pm","Awarded"
"1784987646-711","https://pbsystem.planetbids.com/portal/15300/bo/bo-search","Style 3 Completed Street Lights","B24151941007","09/19/2023 02:00pm","Closed"
"1784987646-712","https://pbsystem.planetbids.com/portal/15300/bo/bo-search","UTILITY BILL INSERT PRINTING","B24141061501","09/18/2023 02:00pm","Canceled"
"1784987646-713","https://pbsystem.planetbids.com/portal/15300/bo/bo-search","Rubber Products","B24141451507","09/14/2023 05:00pm","Awarded"
"1784987646-714","https://pbsystem.planetbids.com/portal/15300/bo/bo-search","Pond Maintenance and Testing in City Parks","B24191311002","09/08/2023 02:00pm","Closed"
"1784987646-715","https://pbsystem.planetbids.com/portal/15300/bo/bo-search","On-Call Booster Pump Repair, Maintenance, and Replacement in City Parks","B24191311001","09/08/2023 02:00pm","Closed"
"1784987646-716","https://pbsystem.planetbids.com/portal/15300/bo/bo-search","Airport Little League Field Improvements","B23191121017","09/07/2023 02:00pm","Awarded"
"1784987646-717","https://pbsystem.planetbids.com/portal/15300/bo/bo-search","PANNELL COMMUNITY CENTER ROOF REPLACEMENT SECTIONS 6, 7 & 17","B23014541003","09/06/2023 02:00pm","Awarded"
"1784987646-718","https://pbsystem.planetbids.com/portal/15300/bo/bo-search","Court Reporter Services","P24021101001","08/31/2023 05:00pm","Closed"
"1784987646-719","https://pbsystem.planetbids.com/portal/15300/bo/bo-search","McClatchy Park Baseball Improvements","B23191121016","08/31/2023 02:00pm","Awarded"
"1784987646-720","https://pbsystem.planetbids.com/portal/15300/bo/bo-search","PSAB Roof Restoration Section 2","B23014541002","08/31/2023 02:00pm","Closed"
"1784987646-721","https://pbsystem.planetbids.com/portal/15300/bo/bo-search","Litter Abatement Services","B24155711002","08/30/2023 02:00pm","Awarded"
"1784987646-722","https://pbsystem.planetbids.com/portal/15300/bo/bo-search","East Portal Park Restroom Replacement (Rebid)","B23191121015","08/30/2023 02:00pm","Awarded"
"1784987646-723","https://pbsystem.planetbids.com/portal/15300/bo/bo-search","Telecommunication Cabling Services","B24071011001","08/30/2023 02:00pm","Awarded"
"1784987646-724","https://pbsystem.planetbids.com/portal/15300/bo/bo-search","TYPE 17D-1-70 LUMINAIRE POLES W/ HANDHOLD COVERS, POLE CAPS AND 18’ FT. MAST SIGNAL ARMS  & TYPE 16-1-70 LUMINAIRE POLES W/ HANDHOLD COVERS, POLE CAPS AND 15’ FT. MAST SIGNAL ARMS","B24151941004","08/29/2023 02:00pm","Closed"
"1784987646-725","https://pbsystem.planetbids.com/portal/15300/bo/bo-search","Utilities IT Digital Strategy Plan","P24071011002","08/28/2023 02:00pm","Awarded"
"1784987646-726","https://pbsystem.planetbids.com/portal/15300/bo/bo-search","#SacTownYouthNights: Youth Drop-In Events - Request for Applications (“RFA”)","#SacTownYouthNights 8.7.23","08/25/2023 04:00pm","Awarded"
"1784987646-727","https://pbsystem.planetbids.com/portal/15300/bo/bo-search","On-Call Agreements for Large Diameter Pipe Cleaning and Inspection Services","Q23141311020","08/24/2023 03:00pm","Closed"
"1784987646-728","https://pbsystem.planetbids.com/portal/15300/bo/bo-search","Florin Road Pavement Rehabilitation","B24151131004","08/23/2023 02:00pm","Awarded"
"1784987646-729","https://pbsystem.planetbids.com/portal/15300/bo/bo-search","Outside Legal Counsel and Investigative Services (Litigation and Other Special Services) for Sacramento Public Library Authority","SPLBID1166","08/21/2023 05:00pm","Awarded"
"1784987646-730","https://pbsystem.planetbids.com/portal/15300/bo/bo-search","Fiber Optic Network Public-Private Partnership","P24071011003","08/18/2023 02:00pm","Closed"
"1784987646-731","https://pbsystem.planetbids.com/portal/15300/bo/bo-search","Water Fund and Wastewater Fund Reviews","P24011201001","08/18/2023 01:00pm","Awarded"
"1784987646-732","https://pbsystem.planetbids.com/portal/15300/bo/bo-search","Roseville Road Guardrail Project","B24151131005","08/16/2023 02:00pm","Closed"
"1784987646-733","https://pbsystem.planetbids.com/portal/15300/bo/bo-search","Landfill Gas Analyzer and Groundwater Sampling Equipment","B24155771001","08/16/2023 02:00pm","Awarded"
"1784987646-734","https://pbsystem.planetbids.com/portal/15300/bo/bo-search","H Street Cycle Track to Sacramento Valley Station","P24151121002","08/16/2023 02:00pm","Closed"
"1784987646-735","https://pbsystem.planetbids.com/portal/15300/bo/bo-search","Sacramento Children's Fund Strategic Planning Consultant","23191911004","08/11/2023 05:00pm","Awarded"
"1784987646-736","https://pbsystem.planetbids.com/portal/15300/bo/bo-search","2023 Audible Signals","B24151131003","08/09/2023 02:00pm","Awarded"
"1784987646-737","https://pbsystem.planetbids.com/portal/15300/bo/bo-search","North 5th Street Sewer Improvement","B23141311019","08/09/2023 02:00pm","Awarded"
"1784987646-738","https://pbsystem.planetbids.com/portal/15300/bo/bo-search","As Needed Purchase of New Aluminum Sign Blanks","B24151931003","08/08/2023 02:00pm","Closed"
"1784987646-739","https://pbsystem.planetbids.com/portal/15300/bo/bo-search","TYPE ""A"" POLES W/ HANDHOLD COVERS AND POLE CAPS","B24151951002","08/01/2023 02:00pm","Closed"
"1784987646-740","https://pbsystem.planetbids.com/portal/15300/bo/bo-search","Window and Pressure Washing Services for Sacramento Public Library Authority","SPLBID1169","07/28/2023 05:00pm","Awarded"
"1784987646-741","https://pbsystem.planetbids.com/portal/15300/bo/bo-search","Vision Zero School Safety Project","P23151131030","07/28/2023 02:00pm","Awarded"
"1784987646-742","https://pbsystem.planetbids.com/portal/15300/bo/bo-search","Water Efficiency and Conservation Plan","P23141311018","07/26/2023 03:00pm","Closed"
"1784987646-743","https://pbsystem.planetbids.com/portal/15300/bo/bo-search","Freightliner Heavy Duty Truck Parts and Repairs_","B24153311001","07/26/2023 02:00pm","Awarded"
"1784987646-744","https://pbsystem.planetbids.com/portal/15300/bo/bo-search","On-Call Body Repair Services for Light-Duty and Heavy-Duty Vehicles","B24153311002","07/26/2023 02:00pm","Awarded"
"1784987646-745","https://pbsystem.planetbids.com/portal/15300/bo/bo-search","21st Ave Beautification-Ornamental Streetlights","B24151121001","07/26/2023 02:00pm","Closed"
"1784987646-746","https://pbsystem.planetbids.com/portal/15300/bo/bo-search","O'Neil Park Restroom Replacement","B23191121014","07/26/2023 02:00pm","Closed"
"1784987646-747","https://pbsystem.planetbids.com/portal/15300/bo/bo-search","Cosumnes River Boulevard Extension Streetscapes Maintenance","B24151681001","07/25/2023 02:00pm","Awarded"
"1784987646-748","https://pbsystem.planetbids.com/portal/15300/bo/bo-search","Sump 111 Trash Capture Project","P23141311017","07/21/2023 03:00pm","Closed"
"1784987646-749","https://pbsystem.planetbids.com/portal/15300/bo/bo-search","Vehicle Washbay Maintenance and Repair","B23153311011","07/19/2023 02:00pm","Awarded"
"1784987646-750","https://pbsystem.planetbids.com/portal/15300/bo/bo-search","Freeport Reservoir Pump Replacement & Improvement Project","B23141311015","07/19/2023 02:00pm","Closed"
"1784987646-751","https://pbsystem.planetbids.com/portal/15300/bo/bo-search","On-Call General Contracting Services for Park Operation Projects","P23191311001","07/17/2023 02:00pm","Awarded"
"1784987646-752","https://pbsystem.planetbids.com/portal/15300/bo/bo-search","Residential Plumber (Leak Free Sacramento)","P23141381512","07/13/2023 05:00pm","Closed"
"1784987646-753","https://pbsystem.planetbids.com/portal/15300/bo/bo-search","Language Learning Database for Sacramento Public Library Authority","SPLBID1168","07/12/2023 05:00pm","Awarded"
"1784987646-754","https://pbsystem.planetbids.com/portal/15300/bo/bo-search","Robertson Park Restroom Replacement (Rebid)","B23191121013","07/12/2023 02:00pm","Awarded"
"1784987646-755","https://pbsystem.planetbids.com/portal/15300/bo/bo-search","Memorial Auditorium Stage Lighting Upgrades","B23171121007","07/12/2023 02:00pm","Awarded"
"1784987646-756","https://pbsystem.planetbids.com/portal/15300/bo/bo-search","Power Tools","B23141451529","07/11/2023 05:00pm","Awarded"
"1784987646-757","https://pbsystem.planetbids.com/portal/15300/bo/bo-search","Volumetric Concrete Mixed & Delivered","B23141451530","07/11/2023 05:00pm","Closed"
"1784987646-758","https://pbsystem.planetbids.com/portal/15300/bo/bo-search","Rubber Products","B23141451527","07/11/2023 05:00pm","Canceled"
"1784987646-759","https://pbsystem.planetbids.com/portal/15300/bo/bo-search","Mechanical Parts and Bearings","B23141451526","07/11/2023 05:00pm","Rejected"
"1784987646-760","https://pbsystem.planetbids.com/portal/15300/bo/bo-search","Fence Supplies","B23141451525","07/11/2023 05:00pm","Awarded"
"1784987646-761","https://pbsystem.planetbids.com/portal/15300/bo/bo-search","Battery Supplies","B23141451524","07/11/2023 05:00pm","Awarded"
"1784987646-762","https://pbsystem.planetbids.com/portal/15300/bo/bo-search","Diamond Blades and Compaction Equipment","B23141451523","07/11/2023 05:00pm","Awarded"
"1784987646-763","https://pbsystem.planetbids.com/portal/15300/bo/bo-search","Steel Products","B23141451528","07/11/2023 05:00pm","Awarded"
"1784987646-764","https://pbsystem.planetbids.com/portal/15300/bo/bo-search","As-Needed Purchase of Decomposed Granite, Shredded Fir Bark, Soil Blend, and Related Items.","B23151651052","07/06/2023 02:00pm","Awarded"
"1784987646-765","https://pbsystem.planetbids.com/portal/15300/bo/bo-search","Loose-Fill Surface Material for Parks (aka: Fall Material)","B23191311008","06/30/2023 02:00pm","Awarded"
"1784987646-766","https://pbsystem.planetbids.com/portal/15300/bo/bo-search","On-Call Booster Pump Repair, Maintenance, and Replacement in City Parks","B23191311007","06/30/2023 02:00pm","Rejected"
"1784987646-767","https://pbsystem.planetbids.com/portal/15300/bo/bo-search","Quicklime","B23141111521","06/28/2023 02:00pm","Closed"
"1784987646-768","https://pbsystem.planetbids.com/portal/15300/bo/bo-search","Crystalline Sodium Fluoride","B23141111522","06/28/2023 02:00pm","Closed"
"1784987646-769","https://pbsystem.planetbids.com/portal/15300/bo/bo-search","Sump 87 Diversion & Silver Eagle Road Rehabilitation Project (Rebid)","B23141311016","06/28/2023 02:00pm","Awarded"
"1784987646-770","https://pbsystem.planetbids.com/portal/15300/bo/bo-search","On-Call Consultant Services for the Water Forum - Request for Qualifications","Q23804101002","06/26/2023 03:00pm","Awarded"
"1784987646-771","https://pbsystem.planetbids.com/portal/15300/bo/bo-search","Expanded Learning Enrichment Providers - School Year 2023/24 and Summer 2024 (Robla School District)","P23191631001","06/23/2023 03:00pm","Closed"
"1784987646-772","https://pbsystem.planetbids.com/portal/15300/bo/bo-search","Creative Consultant Services for Education and Outreach Campaigns","Q23155711001","06/23/2023 02:00pm","Awarded"
"1784987646-773","https://pbsystem.planetbids.com/portal/15300/bo/bo-search","Workers’ Compensation Medical and Psychological Services for City Employees","P23081371002","06/23/2023 12:00pm","Awarded"
"1784987646-774","https://pbsystem.planetbids.com/portal/15300/bo/bo-search","Women and Family Shelter Programs","P23231031001","06/21/2023 05:00pm","Awarded"
"1784987646-775","https://pbsystem.planetbids.com/portal/15300/bo/bo-search","Support & Rehousing Services for City’s Motel Program Participants","P23231031002","06/21/2023 05:00pm","Awarded"
"1784987646-776","https://pbsystem.planetbids.com/portal/15300/bo/bo-search","City Emergency and Transitional Sheltering with Support Services and Rehousing Staff","Q23231031003","06/21/2023 03:00pm","Awarded"
"1784987646-777","https://pbsystem.planetbids.com/portal/15300/bo/bo-search","2"" Galvanized Pipe, Threaded, with Coupling, Schedule 40","B23151931001","06/21/2023 02:00pm","Awarded"
"1784987646-778","https://pbsystem.planetbids.com/portal/15300/bo/bo-search","Cummins Original Equipment Manufacturer (OEM) Heavy Duty Truck Parts and Repairs_","B23153311012","06/21/2023 02:00pm","Awarded"
"1784987646-779","https://pbsystem.planetbids.com/portal/15300/bo/bo-search","RFQ On-Call Underwater Diving and ROV Service","Q23141322516","06/20/2023 05:00pm","Awarded"
"1784987646-780","https://pbsystem.planetbids.com/portal/15300/bo/bo-search","On-Call Electric Motor Repair Parts and Service","P23141361517","06/20/2023 05:00pm","Rejected"
"1784987646-781","https://pbsystem.planetbids.com/portal/15300/bo/bo-search","On-Site Non-Potable Water Reuse Strategy, Phase 2","P23141081801","06/16/2023 05:00pm","Awarded"
"1784987646-782","https://pbsystem.planetbids.com/portal/15300/bo/bo-search","Drainage & Wastewater Jetting & Rodding Supplies","B23141451514","06/14/2023 02:00pm","Closed"
"1784987646-783","https://pbsystem.planetbids.com/portal/15300/bo/bo-search","Landscape Services - Sacramento River WTP","B23141111515","06/14/2023 02:00pm","Awarded"
"1784987646-784","https://pbsystem.planetbids.com/portal/15300/bo/bo-search","Landscape Services - EA Fairbairn WTP","B23141111509","06/08/2023 05:00pm","Awarded"
"1784987646-785","https://pbsystem.planetbids.com/portal/15300/bo/bo-search","Cannabis Opportunity Reinvestment and Equity (CORE) Program Verification Services","P23021101002","06/08/2023 05:00pm","Rejected"
"1784987646-786","https://pbsystem.planetbids.com/portal/15300/bo/bo-search","Landscape Services - Combined Wastewater TP","B23141121511","06/08/2023 02:00pm","Awarded"
"1784987646-787","https://pbsystem.planetbids.com/portal/15300/bo/bo-search","Stockton Blvd at 12th Street Pedestrian Signal","B23151131029","06/07/2023 02:00pm","Awarded"
"1784987646-788","https://pbsystem.planetbids.com/portal/15300/bo/bo-search","Rental of Self-Propelled Asphalt Paver","B23151631051","06/06/2023 02:00pm","Awarded"
"1784987646-789","https://pbsystem.planetbids.com/portal/15300/bo/bo-search","Portfolio Management Services for Redevelopment Agency Successor Agency (RASA)","P23021431001","06/06/2023 12:00pm","Closed"
"1784987646-790","https://pbsystem.planetbids.com/portal/15300/bo/bo-search","Pioneer Chemical Tank Replacement","B23141161519","06/01/2023 05:00pm","Awarded"
"1784987646-791","https://pbsystem.planetbids.com/portal/15300/bo/bo-search","Masonry Wall Repair Services","B23151681050","05/31/2023 02:00pm","Awarded"
"1784987646-792","https://pbsystem.planetbids.com/portal/15300/bo/bo-search","On-Call Pool Maintenance and Repair Services","Q23191521001","05/31/2023 02:00pm","Awarded"
"1784987646-793","https://pbsystem.planetbids.com/portal/15300/bo/bo-search","Contractor Services for Traffic Signal & Street Light Maintenance","Q23151131028","05/26/2023 04:00pm","Awarded"
"1784987646-794","https://pbsystem.planetbids.com/portal/15300/bo/bo-search","Workers’ Compensation Sub-Rosa Investigation Services","P23081371001","05/26/2023 03:00pm","Awarded"
"1784987646-795","https://pbsystem.planetbids.com/portal/15300/bo/bo-search","Laboratory & Groundwater Analysis","P23141371513","05/23/2023 05:00pm","Awarded"
"1784987646-796","https://pbsystem.planetbids.com/portal/15300/bo/bo-search","As-Needed Equipment Rental","B23151631049","05/23/2023 02:00pm","Awarded"
"1784987646-797","https://pbsystem.planetbids.com/portal/15300/bo/bo-search","Street Sweeping Services","B23151631048","05/23/2023 02:00pm","Awarded"
"1784987646-798","https://pbsystem.planetbids.com/portal/15300/bo/bo-search","Street Design Standards Amendment","P23151131027","05/23/2023 02:00pm","Closed"
"1784987646-799","https://pbsystem.planetbids.com/portal/15300/bo/bo-search","MLK LIBRARY REMODEL","P23014541001","05/23/2023 02:00pm","Awarded"
"1784987646-800","https://pbsystem.planetbids.com/portal/15300/bo/bo-search","Hearing Examiners for Parking Citation Hearings","P23061221001","05/22/2023 03:00pm","Closed"
"1784987646-801","https://pbsystem.planetbids.com/portal/15300/bo/bo-search","Non-industrial Medical Services for City Employees and Job Applicants","P23081361007","05/19/2023 12:00pm","Awarded"
"1784987646-802","https://pbsystem.planetbids.com/portal/15300/bo/bo-search","Psychological Services for City Employees and Job Applicants","P23081351008","05/19/2023 12:00pm","Awarded"
"1784987646-803","https://pbsystem.planetbids.com/portal/15300/bo/bo-search","Landfill and Waste Disposal Services","B23151631047","05/18/2023 02:00pm","Awarded"
"1784987646-804","https://pbsystem.planetbids.com/portal/15300/bo/bo-search","Arden-Expo Streetscapes Maintenance","B23151681045","05/18/2023 02:00pm","Awarded"
"1784987646-805","https://pbsystem.planetbids.com/portal/15300/bo/bo-search","Parkridge Streetscapes Maintenance","B23151681046","05/18/2023 02:00pm","Awarded"
"1784987646-806","https://pbsystem.planetbids.com/portal/15300/bo/bo-search","Specialty Weed Control in City Parks","B23191311006","05/18/2023 02:00pm","Awarded"
"1784987646-807","https://pbsystem.planetbids.com/portal/15300/bo/bo-search","Pond Maintenance and Testing in City Parks","B23191311005","05/18/2023 02:00pm","Rejected"
"1784987646-808","https://pbsystem.planetbids.com/portal/15300/bo/bo-search","New MiTM Towable Hot Water Pressure Washer","B23153311010","05/17/2023 02:00pm","Closed"
"1784987646-809","https://pbsystem.planetbids.com/portal/15300/bo/bo-search","Herbicide Application Services of City-Owned Vacant Lots","B23151681043","05/16/2023 02:00pm","Awarded"
"1784987646-810","https://pbsystem.planetbids.com/portal/15300/bo/bo-search","Maintenance of City-Owned Vacant Lots","B23151681044","05/16/2023 02:00pm","Awarded"
"1784987646-811","https://pbsystem.planetbids.com/portal/15300/bo/bo-search","ROBERTSON COMMUNITY CENTER SOUTH PARKING LOT RESURFACING UPGRADES","B23014541001","05/16/2023 02:00pm","Awarded"
"1784987646-812","https://pbsystem.planetbids.com/portal/15300/bo/bo-search","Two Rivers Trail Phase III","P23151131026","05/16/2023 02:00pm","Awarded"
"1784987646-813","https://pbsystem.planetbids.com/portal/15300/bo/bo-search","Broadway Complete Streets","B23151131025","05/10/2023 02:00pm","Awarded"
"1784987646-814","https://pbsystem.planetbids.com/portal/15300/bo/bo-search","Matsui Park Hanami Line","B23191121012","05/10/2023 02:00pm","Awarded"
"1784987646-815","https://pbsystem.planetbids.com/portal/15300/bo/bo-search","City Hall Complex Streetscapes Maintenance","B23151681041","05/09/2023 02:00pm","Awarded"
"1784987646-816","https://pbsystem.planetbids.com/portal/15300/bo/bo-search","Masonry Wall Repair Services","B23151681042","05/09/2023 02:00pm","Closed"
"1784987646-817","https://pbsystem.planetbids.com/portal/15300/bo/bo-search","River District Specific Plan","P232100122201","05/08/2023 05:00pm","Awarded"
"1784987646-818","https://pbsystem.planetbids.com/portal/15300/bo/bo-search","Mobile Fleet Washing Services","B23153311009","05/03/2023 02:00pm","Awarded"
"1784987646-819","https://pbsystem.planetbids.com/portal/15300/bo/bo-search","NORTHWOOD SCHOOL ACCESS IMPROVEMENTS","P23151131024","05/03/2023 02:00pm","Closed"
"1784987646-820","https://pbsystem.planetbids.com/portal/15300/bo/bo-search","Library Branding for Sacramento Public Library Authority","SPLBID1167","04/28/2023 05:00pm","Awarded"
"1784987646-821","https://pbsystem.planetbids.com/portal/15300/bo/bo-search","Nurse Case Management (NCM), Utilization Review (UR), Peer Review (PR), Medical Bill Review (MBR), and Pharmaceutical Benefit Management (PBM) Services","P23081371008","04/28/2023 03:00pm","Awarded"
"1784987646-822","https://pbsystem.planetbids.com/portal/15300/bo/bo-search","Abatement of Feral Pigeons","B23153311008","04/26/2023 02:00pm","Awarded"
"1784987646-823","https://pbsystem.planetbids.com/portal/15300/bo/bo-search","Ninos Parkway Phase 2-Traffic Signal Poles","B23151131023","04/25/2023 03:00pm","Closed"
"1784987646-824","https://pbsystem.planetbids.com/portal/15300/bo/bo-search","Ninos Parkway Phase 2-Signal Intersection Hardware","B23151131022","04/25/2023 03:00pm","Closed"
"1784987646-825","https://pbsystem.planetbids.com/portal/15300/bo/bo-search","K71’s Bright Green with White 3M High Intensity Film","B23151931040","04/25/2023 02:00pm","Closed"
"1784987646-826","https://pbsystem.planetbids.com/portal/15300/bo/bo-search","Hazardous Waste Management","P23081361007","04/24/2023 03:00pm","Awarded"
"1784987646-827","https://pbsystem.planetbids.com/portal/15300/bo/bo-search","CM Services for Northwood School Access Improvements Project","P23151131024","04/19/2023 02:00pm","Closed"
"1784987646-828","https://pbsystem.planetbids.com/portal/15300/bo/bo-search","Tax-Exempt Equipment Lease-Financing - Request for Qualifications","Q23051011002","04/17/2023 04:00pm","Awarded"
"1784987646-829","https://pbsystem.planetbids.com/portal/15300/bo/bo-search","Trustee Services - Request for Qualifications","Q23051011001","04/17/2023 04:00pm","Closed"
"1784987646-830","https://pbsystem.planetbids.com/portal/15300/bo/bo-search","Loose-Fill Surface Material for Parks (aka: Fall Material)","B23191311004","04/14/2023 02:00pm","Rejected"
"1784987646-831","https://pbsystem.planetbids.com/portal/15300/bo/bo-search","Weed Abatement Services in City Parks and Open Spaces","B23191311003_","04/14/2023 02:00pm","Awarded"
"1784987646-832","https://pbsystem.planetbids.com/portal/15300/bo/bo-search","HSIP Florin Road Signal & Safety Improvements Project","B23151131021","04/12/2023 02:00pm","Closed"
"1784987646-833","https://pbsystem.planetbids.com/portal/15300/bo/bo-search","Workers’ Compensation and Non-industrial Medical and Psychological Services for City Employees and Job Applicants","P23081361006","04/07/2023 03:00pm","Rejected"
"1784987646-834","https://pbsystem.planetbids.com/portal/15300/bo/bo-search","Official City Newspaper Advertising for Fiscal Year 2023/24","B23061521006","04/06/2023 03:00pm","Awarded"
"1784987646-835","https://pbsystem.planetbids.com/portal/15300/bo/bo-search","Robla Park Shade Canopies","B23191121011","04/06/2023 02:00pm","Awarded"
"1784987646-836","https://pbsystem.planetbids.com/portal/15300/bo/bo-search","South Sacramento Parkway Trail","B23151131020","04/05/2023 02:00pm","Closed"
"1784987646-837","https://pbsystem.planetbids.com/portal/15300/bo/bo-search","Sump 87 Diversion & Silver Eagle Road Rehabilitation Project","B23141311013","04/05/2023 02:00pm","Closed"
"1784987646-838","https://pbsystem.planetbids.com/portal/15300/bo/bo-search","Truxel Bridge Concept and Feasibility Study","P23151921019","04/03/2023 04:00pm","Closed"
"1784987646-839","https://pbsystem.planetbids.com/portal/15300/bo/bo-search","Cannabis Opportunity Reinvestment and Equity (CORE) Program Verification Services","P23021101001","03/30/2023 05:00pm","Rejected"
"1784987646-840","https://pbsystem.planetbids.com/portal/15300/bo/bo-search","East Portal Park Restroom Renovaton","B23191121010","03/30/2023 02:00pm","Canceled"
"1784987646-841","https://pbsystem.planetbids.com/portal/15300/bo/bo-search","Treasury Accounting and Software Management System","P23051011001","03/24/2023 05:00pm","Rejected"
"1784987646-842","https://pbsystem.planetbids.com/portal/15300/bo/bo-search","Rubber Sealant Products and Tools","B23151631039","03/23/2023 02:00pm","Closed"
"1784987646-843","https://pbsystem.planetbids.com/portal/15300/bo/bo-search","Robertson Park Restroom Replacement","B23191121009","03/23/2023 02:00pm","Closed"
"1784987646-844","https://pbsystem.planetbids.com/portal/15300/bo/bo-search","Original Equipment Manufacturer (OEM) Parts and Repairs for Light Duty Vehicles","B23153311007","03/22/2023 02:00pm","Closed"
"1784987646-845","https://pbsystem.planetbids.com/portal/15300/bo/bo-search","Lease of Johnston Community Center","P23191641001","03/22/2023 02:00pm","Closed"
"1784987646-846","https://pbsystem.planetbids.com/portal/15300/bo/bo-search","Dust off Spraying for Alleys","B23151631038","03/21/2023 02:00pm","Awarded"
"1784987646-847","https://pbsystem.planetbids.com/portal/15300/bo/bo-search","On-Call Contractor Services for Groundwater Well Rehab & Abandonments","Q23141311011","03/16/2023 03:00pm","Awarded"
"1784987646-848","https://pbsystem.planetbids.com/portal/15300/bo/bo-search","Bike Racks Vendors","P23151921018","03/15/2023 04:00pm","Closed"
"1784987646-849","https://pbsystem.planetbids.com/portal/15300/bo/bo-search","North Natomas Regional Park Great Meadow","B23191121008","03/15/2023 02:00pm","Canceled"
"1784987646-850","https://pbsystem.planetbids.com/portal/15300/bo/bo-search","Professional Grade Chainsaws and Related Items","B23151811037","03/14/2023 02:00pm","Awarded"
"1784987646-851","https://pbsystem.planetbids.com/portal/15300/bo/bo-search","Salmonid Habitat Construction - American River, Upper River Bend Site","P23804101001","03/10/2023 03:00pm","Awarded"
"1784987646-852","https://pbsystem.planetbids.com/portal/15300/bo/bo-search","Marysville Blvd Vision Zero Safety Project","P23151923017","03/10/2023 02:00pm","Closed"
"1784987646-853","https://pbsystem.planetbids.com/portal/15300/bo/bo-search","On-Call Grant Writer","Q23141671515","03/03/2023 05:00pm","Awarded"
"1784987646-854","https://pbsystem.planetbids.com/portal/15300/bo/bo-search","CM Services for Broadway Complete Streets","P23151921016","03/02/2023 02:00pm","Closed"
"1784987646-855","https://pbsystem.planetbids.com/portal/15300/bo/bo-search","PURCHASE OF AGGREGATES, ASPHALT CONCRETE  (HOT MIX ASPHALT), AND RELATED MATERIALS","B23151631036","03/01/2023 02:00pm","Awarded"
"1784987646-856","https://pbsystem.planetbids.com/portal/15300/bo/bo-search","Anthony School Park Court Renovations","B23191121007","03/01/2023 02:00pm","Awarded"
"1784987646-857","https://pbsystem.planetbids.com/portal/15300/bo/bo-search","Police and Fire Exam and Testing Services","P23081111001","02/28/2023 03:00pm","Awarded"
"1784987646-858","https://pbsystem.planetbids.com/portal/15300/bo/bo-search","Citywide Exam and Testing Services","P23081111002","02/28/2023 03:00pm","Awarded"
"1784987646-859","https://pbsystem.planetbids.com/portal/15300/bo/bo-search","Non-Landscape Medians Streetscapes Maintenance","B23151681035","02/28/2023 02:00pm","Awarded"
"1784987646-860","https://pbsystem.planetbids.com/portal/15300/bo/bo-search","Youth Excel Initiative Listening Sessions","Q23011011001","02/24/2023 04:00pm","Awarded"
"1784987646-861","https://pbsystem.planetbids.com/portal/15300/bo/bo-search","Winner's Circle Park Basketball Court","B23191121006","02/23/2023 02:00pm","Awarded"
"1784987646-862","https://pbsystem.planetbids.com/portal/15300/bo/bo-search","On Call Various Trades Opportunity for Facilities Maintenance Division","Q23014541004","02/22/2023 02:00pm","Awarded"
"1784987646-863","https://pbsystem.planetbids.com/portal/15300/bo/bo-search","Folsom Blvd Safety Improvements Project","P23151921015","02/17/2023 02:00pm","Closed"
"1784987646-864","https://pbsystem.planetbids.com/portal/15300/bo/bo-search","Transportation Demand Management Ordinance","P23151921014","02/15/2023 04:00pm","Closed"
"1784987646-865","https://pbsystem.planetbids.com/portal/15300/bo/bo-search","PURCHASE OF AGGREGATES, ASPHALT CONCRETE  (HOT MIX ASPHALT), AND RELATED MATERIALS","B23151631024","02/15/2023 02:00pm","Closed"
"1784987646-866","https://pbsystem.planetbids.com/portal/15300/bo/bo-search","Tree Pruning Services","P23151811001","02/14/2023 02:00pm","Awarded"
"1784987646-867","https://pbsystem.planetbids.com/portal/15300/bo/bo-search","Voluntary Storage Centers (DCR)","P23231021006","02/13/2023 02:00pm","Closed"
"1784987646-868","https://pbsystem.planetbids.com/portal/15300/bo/bo-search","Youth-Serving Organizational Resiliency Fund: Administration, Capacity Building and Technical Assistance","Q230201121001","02/10/2023 05:00pm","Closed"
"1784987646-869","https://pbsystem.planetbids.com/portal/15300/bo/bo-search","Department Landscaping Services","B23121441001","02/10/2023 02:00pm","Awarded"
"1784987646-870","https://pbsystem.planetbids.com/portal/15300/bo/bo-search","2023 Executive Team & Next Level Coaching","P23141011800","02/09/2023 05:00pm","Awarded"
"1784987646-871","https://pbsystem.planetbids.com/portal/15300/bo/bo-search","Rubber Sealant Products and Tool","B23151631033","02/08/2023 02:00pm","Closed"
"1784987646-872","https://pbsystem.planetbids.com/portal/15300/bo/bo-search","Cummins Original Equipment Manufacturer (OEM) Heavy Duty Truck Parts and Repairs_","B23153311005","02/08/2023 02:00pm","Closed"
"1784987646-873","https://pbsystem.planetbids.com/portal/15300/bo/bo-search","Riverview Streetscapes Maintenance","B23151681031","02/07/2023 02:00pm","Awarded"
"1784987646-874","https://pbsystem.planetbids.com/portal/15300/bo/bo-search","Corridor Streetscapes Maintenance","B23151681032","02/07/2023 02:00pm","Awarded"
"1784987646-875","https://pbsystem.planetbids.com/portal/15300/bo/bo-search","Riverside-Pocket Streetscapes Maintenance","B23151681030","02/07/2023 02:00pm","Closed"
"1784987646-876","https://pbsystem.planetbids.com/portal/15300/bo/bo-search","Youth Workforce Development Case Management and Wraparound Services","P23020014002","02/07/2023 01:00pm","Awarded"
"1784987646-877","https://pbsystem.planetbids.com/portal/15300/bo/bo-search","Revisions to Parking Requirements","P22211222001","02/06/2023 05:00pm","Awarded"
"1784987646-878","https://pbsystem.planetbids.com/portal/15300/bo/bo-search","City-Wide Labor Compliance Services","P23151921013","02/03/2023 04:00pm","Awarded"
"1784987646-879","https://pbsystem.planetbids.com/portal/15300/bo/bo-search","Pest Management (Cockroach Mitigation)","P23141421700","02/02/2023 05:00pm","Awarded"
"1784987646-880","https://pbsystem.planetbids.com/portal/15300/bo/bo-search","City Emergency and Transitional Sheltering with Supportive Services and Rehousing Staff (round two)","Q23021451002","02/01/2023 03:00pm","Closed"
"1784987646-881","https://pbsystem.planetbids.com/portal/15300/bo/bo-search","El Centro Streetscapes Maintenance","B23151681027","01/31/2023 02:00pm","Closed"
"1784987646-882","https://pbsystem.planetbids.com/portal/15300/bo/bo-search","Gateway Park Streetscapes Maintenance","B23151681028","01/31/2023 02:00pm","Closed"
"1784987646-883","https://pbsystem.planetbids.com/portal/15300/bo/bo-search","Palm Gateway Streetscapes Maintenance","B23151681029","01/31/2023 02:00pm","Closed"
"1784987646-884","https://pbsystem.planetbids.com/portal/15300/bo/bo-search","Bruceville Streetscapes Maintenance","B23151681023","01/31/2023 02:00pm","Closed"
"1784987646-885","https://pbsystem.planetbids.com/portal/15300/bo/bo-search","Incident Tracking System","P23081361004","01/30/2023 05:00pm","Awarded"
"1784987646-886","https://pbsystem.planetbids.com/portal/15300/bo/bo-search","Sacramento Valley Station Governance & Operations","I23151921012","01/27/2023 05:00pm","Closed"
"1784987646-887","https://pbsystem.planetbids.com/portal/15300/bo/bo-search","On-Call Professional Services","Q22014541003","01/24/2023 02:00pm","Closed"
"1784987646-888","https://pbsystem.planetbids.com/portal/15300/bo/bo-search","Press Brake Tooling","B23141141601","01/13/2023 02:00pm","Awarded"
"1784987646-889","https://pbsystem.planetbids.com/portal/15300/bo/bo-search","Inspection of Locally Funded Projects for 2023-2024","Q23151131010","01/12/2023 04:00pm","Awarded"
"1784987646-890","https://pbsystem.planetbids.com/portal/15300/bo/bo-search","15-Minute Neighborhood Plan","P23151921011","01/11/2023 04:00pm","Closed"
"1784987646-891","https://pbsystem.planetbids.com/portal/15300/bo/bo-search","Crane and Aerial Device Inspection, Certification and Repair Services_","B23153311004","01/11/2023 02:00pm","Awarded"
"1784987646-892","https://pbsystem.planetbids.com/portal/15300/bo/bo-search","Style 3 Complete Street Light Poles","B23151951025","01/09/2023 02:00pm","Closed"
"1784987646-893","https://pbsystem.planetbids.com/portal/15300/bo/bo-search","Pest Control Services (Citywide IPM) - Request for Qualifications","Q23061521004","01/05/2023 05:00pm","Awarded"
"1784987646-894","https://pbsystem.planetbids.com/portal/15300/bo/bo-search","Howe Avenue Irrigation Improvement Project","B23151681024","01/04/2023 02:00pm","Closed"
"1784987646-895","https://pbsystem.planetbids.com/portal/15300/bo/bo-search","Fire Department Exercise Equipment Maintenance","B23121421001","12/28/2022 02:00pm","Awarded"
"1784987646-896","https://pbsystem.planetbids.com/portal/15300/bo/bo-search","Ballroom B HVAC and Lighting Systems","B23171131006","12/21/2022 02:00pm","Awarded"
"1784987646-897","https://pbsystem.planetbids.com/portal/15300/bo/bo-search","Downtown Mobility Project","B23151131009","12/21/2022 02:00pm","Awarded"
"1784987646-898","https://pbsystem.planetbids.com/portal/15300/bo/bo-search","McClatchy Park Pool Resurfacing","B22014541004","12/20/2022 02:00pm","Closed"
"1784987646-899","https://pbsystem.planetbids.com/portal/15300/bo/bo-search","CONSTRUCTION MANAGEMENT FOR RESIDENT ENGINEER, INSPECTION, AND MATERIAL TESTING FOR SILVER EAGLE ROAD AND SEWER REHABILITATION","P23141311012","12/15/2022 03:00pm","Awarded"
"1784987646-900","https://pbsystem.planetbids.com/portal/15300/bo/bo-search","High Pressure Clean and Deoderize Refuse Containers","B23155711001","12/15/2022 02:00pm","Awarded"
"1784987646-901","https://pbsystem.planetbids.com/portal/15300/bo/bo-search","Wireless Equipment for Sacramento Public Library Authority","SPLBID1165","12/09/2022 03:00pm","Awarded"
"1784987646-902","https://pbsystem.planetbids.com/portal/15300/bo/bo-search","5G Mobile Hotspots with Wi-Fi 6 Service for Sacramento Public Library Authority","SPLBID1164","12/09/2022 03:00pm","Canceled"
"1784987646-903","https://pbsystem.planetbids.com/portal/15300/bo/bo-search","Lawrence Park Improvements","B23191121005","12/07/2022 02:00pm","Closed"
"1784987646-904","https://pbsystem.planetbids.com/portal/15300/bo/bo-search","Sacramento Valley Station Platform Repair Project","B23151131008","12/07/2022 02:00pm","Awarded"
"1784987646-905","https://pbsystem.planetbids.com/portal/15300/bo/bo-search","Climate Action Grant and Project Assistance (OCAS)","P23021011002","12/07/2022 02:00pm","Awarded"
"1784987646-906","https://pbsystem.planetbids.com/portal/15300/bo/bo-search","City Emergency and Transitional Sheltering with Supportive Services and Rehousing Staff","Q23021451001","12/05/2022 03:00pm","Closed"
"1784987646-907","https://pbsystem.planetbids.com/portal/15300/bo/bo-search","Citywide Encampment Cleanup Services","P23231021005","12/02/2022 02:00pm","Awarded"
"1784987646-908","https://pbsystem.planetbids.com/portal/15300/bo/bo-search","Sailor Bar Park Erosion Control Seeding","B23804101006","12/01/2022 02:00pm","Awarded"
"1784987646-909","https://pbsystem.planetbids.com/portal/15300/bo/bo-search","Owner Advisor Services for DOU Water System Asset Management Program Development","P23141311010","11/30/2022 03:00pm","Closed"
"1784987646-910","https://pbsystem.planetbids.com/portal/15300/bo/bo-search","On-Call Consulting Services to City Housing Programs and Anti-Displacement Work","Q23021421001","11/30/2022 12:00pm","Closed"
"1784987646-911","https://pbsystem.planetbids.com/portal/15300/bo/bo-search","Freeway Underpasses Streetscapes Maintenance","B23151681023","11/29/2022 02:00pm","Closed"
"1784987646-912","https://pbsystem.planetbids.com/portal/15300/bo/bo-search","Environmental Justice Pilot Administration (OCAS)","P23021011001","11/28/2022 12:00pm","Closed"
"1784987646-913","https://pbsystem.planetbids.com/portal/15300/bo/bo-search","Specialty Weed Control in City Parks","B23191311002","11/23/2022 02:00pm","Closed"
"1784987646-914","https://pbsystem.planetbids.com/portal/15300/bo/bo-search","Actuarial Services","P23081311006","11/21/2022 06:00pm","Awarded"
"1784987646-915","https://pbsystem.planetbids.com/portal/15300/bo/bo-search","Pest Control Services (Citywide) - Request for Information","I23061521003","11/21/2022 05:00pm","Awarded"
"1784987646-916","https://pbsystem.planetbids.com/portal/15300/bo/bo-search","Marine Vessel Removal and Disposal","B231100117104","11/16/2022 02:00pm","Closed"
"1784987646-917","https://pbsystem.planetbids.com/portal/15300/bo/bo-search","CM and Inspection Services for Two Rivers Trail Phase 2 (local)","P23151131007)","11/10/2022 02:00pm","Awarded"
"1784987646-918","https://pbsystem.planetbids.com/portal/15300/bo/bo-search","CM Services Two Rivers Trail Phase 2","Q23151131006","11/09/2022 11:00am","Canceled"
"1784987646-919","https://pbsystem.planetbids.com/portal/15300/bo/bo-search","Ambulance Billing Services","P23121441001","11/08/2022 12:00pm","Awarded"
"1784987646-920","https://pbsystem.planetbids.com/portal/15300/bo/bo-search","Mechanical Parts and Bearings","B23141451507","11/07/2022 05:00pm","Awarded"
"1784987646-921","https://pbsystem.planetbids.com/portal/15300/bo/bo-search","Hearing Examiner for Bid Protests","P23061521002","11/07/2022 02:00pm","Awarded"
"1784987646-922","https://pbsystem.planetbids.com/portal/15300/bo/bo-search","SFD Physical Fitness (Sacramento Fire Department)","P23121421001","11/04/2022 05:00pm","Awarded"
"1784987646-923","https://pbsystem.planetbids.com/portal/15300/bo/bo-search","Temporary Fencing Rental for City Parks","B23191311001","11/04/2022 02:00pm","Awarded"
"1784987646-924","https://pbsystem.planetbids.com/portal/15300/bo/bo-search","Hazmat Materials Technician/Specialist Series Course (Modules A-D, F, and G)","B231100141103","11/02/2022 02:00pm","Closed"
"1784987646-925","https://pbsystem.planetbids.com/portal/15300/bo/bo-search","Original Equipment Manufacturer (OEM Parts and Repairs for Detroit Diesel","B23153311003","11/02/2022 02:00pm","Awarded"
"1784987646-926","https://pbsystem.planetbids.com/portal/15300/bo/bo-search","Fire Department Welded Aluminum Landing Craft Vessel","B23153311002","11/02/2022 02:00pm","Awarded"
"1784987646-927","https://pbsystem.planetbids.com/portal/15300/bo/bo-search","Battery Supplies","B23141451508","11/01/2022 05:00pm","Awarded"
"1784987646-928","https://pbsystem.planetbids.com/portal/15300/bo/bo-search","Volumetric Concrete Mix and Delivery","B23141451506","11/01/2022 05:00pm","Canceled"
"1784987646-929","https://pbsystem.planetbids.com/portal/15300/bo/bo-search","Small Generators Chainsaws","B23141451505","11/01/2022 05:00pm","Canceled"
"1784987646-930","https://pbsystem.planetbids.com/portal/15300/bo/bo-search","Diamond Blades and Compaction Equipment","B23141451504","11/01/2022 05:00pm","Awarded"
"1784987646-931","https://pbsystem.planetbids.com/portal/15300/bo/bo-search","Fence Supplies","B23141451503","11/01/2022 05:00pm","Awarded"
"1784987646-932","https://pbsystem.planetbids.com/portal/15300/bo/bo-search","Rubber Products","B23141451502","11/01/2022 05:00pm","Awarded"
"1784987646-933","https://pbsystem.planetbids.com/portal/15300/bo/bo-search","Pipe & Steel Products","B23141451501","11/01/2022 05:00pm","Awarded"
"1784987646-934","https://pbsystem.planetbids.com/portal/15300/bo/bo-search","Laboratory Services for Groundwater Analysis","P22155771008","11/01/2022 02:00pm","Rejected"
"1784987646-935","https://pbsystem.planetbids.com/portal/15300/bo/bo-search","Solid Waste Refuse Containers","P23155711001","10/31/2022 02:00pm","Awarded"
"1784987646-936","https://pbsystem.planetbids.com/portal/15300/bo/bo-search","Business Directory Database for Sacramento Public Library Authority","SPLBID1163","10/28/2022 06:00pm","Awarded"
"1784987646-937","https://pbsystem.planetbids.com/portal/15300/bo/bo-search","Fire Plan Review Services","P23121111001","10/28/2022 12:00pm","Awarded"
"1784987646-938","https://pbsystem.planetbids.com/portal/15300/bo/bo-search","Rio City Café Deck Rebuild Project","Q22014541002","10/27/2022 02:00pm","Closed"
"1784987646-939","https://pbsystem.planetbids.com/portal/15300/bo/bo-search","Gateway Park Boulevard at Del Paso Road Landscape Improvement Project","B23151681022","10/26/2022 02:00pm","Closed"
"1784987646-940","https://pbsystem.planetbids.com/portal/15300/bo/bo-search","City Hall Garage Fire Repairs","B22014541003","10/26/2022 02:00pm","Closed"
"1784987646-941","https://pbsystem.planetbids.com/portal/15300/bo/bo-search","Capital Improvement Program - Project Management Software & Implementation Service","P23071011001","10/24/2022 02:00pm","Awarded"
"1784987646-942","https://pbsystem.planetbids.com/portal/15300/bo/bo-search","Memorial Auditorium Roof Restoration","B23171131004","10/19/2022 02:00pm","Canceled"
"1784987646-943","https://pbsystem.planetbids.com/portal/15300/bo/bo-search","Broadway Corridor Streetlight Replacement","B22151131004","10/19/2022 02:00pm","Closed"
"1784987646-944","https://pbsystem.planetbids.com/portal/15300/bo/bo-search","Parking Lots & Garages Streetscapes Maintenance","B23151681021","10/18/2022 02:00pm","Closed"
"1784987646-945","https://pbsystem.planetbids.com/portal/15300/bo/bo-search","Northborough Streetscapes Maintenance","B23151681020","10/18/2022 02:00pm","Closed"
"1784987646-946","https://pbsystem.planetbids.com/portal/15300/bo/bo-search","Freeport Streetscapes Maintenance","B23151681019","10/18/2022 02:00pm","Closed"
"1784987646-947","https://pbsystem.planetbids.com/portal/15300/bo/bo-search","24th Street & 47th Avenue Streetscapes Maintenance","B23151681018","10/18/2022 02:00pm","Awarded"
"1784987646-948","https://pbsystem.planetbids.com/portal/15300/bo/bo-search","3M Brand Reflective Sheeting, Tape, and Film","B23151931015","10/14/2022 02:00pm","Closed"
"1784987646-949","https://pbsystem.planetbids.com/portal/15300/bo/bo-search","Style 3 Fluted Tapered shaft ONLY to be galvanized and finished in “Sacramento Green” color","B23151951017","10/12/2022 02:00pm","Closed"
"1784987646-950","https://pbsystem.planetbids.com/portal/15300/bo/bo-search","Special Event Course for Law Enforcement","B231100141102","10/12/2022 02:00pm","Closed"
"1784987646-951","https://pbsystem.planetbids.com/portal/15300/bo/bo-search","Winn Park Improvements","B23191121104","10/11/2022 02:00pm","Closed"
"1784987646-952","https://pbsystem.planetbids.com/portal/15300/bo/bo-search","Insurance Certificate Tracking and Compliance Services","P23081361003","10/07/2022 03:12pm","Awarded"
"1784987646-953","https://pbsystem.planetbids.com/portal/15300/bo/bo-search","Code Enforcement Case Management","P23071011002","10/07/2022 02:00pm","Awarded"
"1784987646-954","https://pbsystem.planetbids.com/portal/15300/bo/bo-search","Franklin Arlington Streetscapes Maintenance","B23151681016","10/05/2022 02:00pm","Closed"
"1784987646-955","https://pbsystem.planetbids.com/portal/15300/bo/bo-search","Special Event Course for Law Enforcement","B231100141102","09/28/2022 02:00pm","Canceled"
"1784987646-956","https://pbsystem.planetbids.com/portal/15300/bo/bo-search","LNG Fuel Tank Maintenance and Repair","B23153311001","09/28/2022 02:00pm","Awarded"
"1784987646-957","https://pbsystem.planetbids.com/portal/15300/bo/bo-search","West El Camino Streetscapes Maintenance","B23151681014","09/21/2022 02:00pm","Closed"
"1784987646-958","https://pbsystem.planetbids.com/portal/15300/bo/bo-search","Soundwall and Pedestrian Bridge Maintenance","B23151681013","09/21/2022 02:00pm","Awarded"
"1784987646-959","https://pbsystem.planetbids.com/portal/15300/bo/bo-search","Railyards Boulevard Streetscapes Maintenance","B23151681012","09/21/2022 02:00pm","Closed"
"1784987646-960","https://pbsystem.planetbids.com/portal/15300/bo/bo-search","Center Parkway Mack Streetscapes Maintenance","B23151681011","09/21/2022 02:00pm","Closed"
"1784987646-961","https://pbsystem.planetbids.com/portal/15300/bo/bo-search","Mid Central Streetscapes Maintenance","B23151681010","09/21/2022 02:00pm","Closed"
"1784987646-962","https://pbsystem.planetbids.com/portal/15300/bo/bo-search","Howe Avenue Streetscapes Maintenance","B23151681009","09/21/2022 02:00pm","Closed"
"1784987646-963","https://pbsystem.planetbids.com/portal/15300/bo/bo-search","SAFE Credit Union Convention Center Lighting and HVAC Systems","P23171131001","09/20/2022 05:00pm","Closed"
"1784987646-964","https://pbsystem.planetbids.com/portal/15300/bo/bo-search","Catering Services - Tsakopolous Library Galleria - for Sacramento Public Library Authority","SPLBID1162","09/19/2022 05:00pm","Awarded"
"1784987646-965","https://pbsystem.planetbids.com/portal/15300/bo/bo-search","Oleanders Streetscapes Maintenance","B23151681005","09/14/2022 02:00pm","Awarded"
"1784987646-966","https://pbsystem.planetbids.com/portal/15300/bo/bo-search","Franklin Arlington Streetscapes Maintenance","B23151681008","09/14/2022 02:00pm","Closed"
"1784987646-967","https://pbsystem.planetbids.com/portal/15300/bo/bo-search","Downtown Streetscapes Maintenance","B23151681007","09/14/2022 02:00pm","Closed"
"1784987646-968","https://pbsystem.planetbids.com/portal/15300/bo/bo-search","College-Elvas Streetscapes Maintenance","B23151681006","09/14/2022 02:00pm","Closed"
"1784987646-969","https://pbsystem.planetbids.com/portal/15300/bo/bo-search","Brookfield Streetscapes Maintenance","B23151681004","09/14/2022 02:00pm","Awarded"
"1784987646-970","https://pbsystem.planetbids.com/portal/15300/bo/bo-search","Arden Connector Streetscapes Maintenance","B23151681003","09/14/2022 02:00pm","Closed"
"1784987646-971","https://pbsystem.planetbids.com/portal/15300/bo/bo-search","Blackbird Park Overthrow Fencing","B23191121003","09/08/2022 02:00pm","Award Pending"
"1784987646-972","https://pbsystem.planetbids.com/portal/15300/bo/bo-search","Evidence Impound Towing and Storage","B231100113101","09/07/2022 02:00pm","Closed"
"1784987646-973","https://pbsystem.planetbids.com/portal/15300/bo/bo-search","Initial Study on Renfree Field Renovations Project at Del Paso Park","P23191121004","09/06/2022 02:00pm","Closed"
"1784987646-974","https://pbsystem.planetbids.com/portal/15300/bo/bo-search","American Rescue Plan Act (ARPA) Food Justice Grant Program (re-issued)","P23020014001 v2","09/02/2022 04:00pm","Closed"
"1784987646-975","https://pbsystem.planetbids.com/portal/15300/bo/bo-search","Envision Broadway in Oak Park","P23151131002","09/02/2022 04:00pm","Closed"
"1784987646-976","https://pbsystem.planetbids.com/portal/15300/bo/bo-search","Del Rio Trail Project","B23151131001","08/31/2022 02:00pm","Closed"
"1784987646-977","https://pbsystem.planetbids.com/portal/15300/bo/bo-search","EV Blueprint eBike Maintenance and Logistics","P23151921003","08/29/2022 04:00pm","Closed"
"1784987646-978","https://pbsystem.planetbids.com/portal/15300/bo/bo-search","Employee Assistance Program (EAP)","P23081361001","08/26/2022 03:00pm","Awarded"
"1784987646-979","https://pbsystem.planetbids.com/portal/15300/bo/bo-search","American Rescue Plan Act (ARPA) Food Justice Grant Program","P23020014001","08/24/2022 04:00pm","Closed"
"1784987646-980","https://pbsystem.planetbids.com/portal/15300/bo/bo-search","Rekey, Locksmith & Ongoing Maintenance of Lock System","P23141211500","08/23/2022 05:00pm","Rejected"
"1784987646-981","https://pbsystem.planetbids.com/portal/15300/bo/bo-search","Landscape Improvement Project","B23151681002","08/23/2022 02:00pm","Closed"
"1784987646-982","https://pbsystem.planetbids.com/portal/15300/bo/bo-search","SAFE Credit Union Convention Center and Performing Arts Center Digital Billboards","P23171131003","08/19/2022 05:00pm","Canceled"
"1784987646-983","https://pbsystem.planetbids.com/portal/15300/bo/bo-search","Mangan Park Improvements","B23191121001","08/17/2022 02:00pm","Award Pending"
"1784987646-984","https://pbsystem.planetbids.com/portal/15300/bo/bo-search","Request for Letters of Interest - Concessionaire at Sutter's Landing Regional Park","I23191121001","08/17/2022 02:00pm","Closed"
"1784987646-985","https://pbsystem.planetbids.com/portal/15300/bo/bo-search","Landfill and Waste Disposal Services","B23151811001","08/16/2022 02:00pm","Awarded"
"1784987646-986","https://pbsystem.planetbids.com/portal/15300/bo/bo-search","On Call Custodial Services for Sacramento Public Library Authority","SPLBID1161","08/15/2022 03:00pm","Awarded"
"1784987646-987","https://pbsystem.planetbids.com/portal/15300/bo/bo-search","On-Call Consulting Services for City Housing Programs and Anti-Displacement Work","Q2302001451001","08/08/2022 12:00pm","Closed"
"1784987646-988","https://pbsystem.planetbids.com/portal/15300/bo/bo-search","American River Watershed Sanitary Survey 2023 Update","P23141311008","08/04/2022 03:00pm","Closed"
"1784987646-989","https://pbsystem.planetbids.com/portal/15300/bo/bo-search","Trees for Urban Forestry","B22151811039","08/04/2022 02:00pm","Awarded"
"1784987646-990","https://pbsystem.planetbids.com/portal/15300/bo/bo-search","CY-2022 CSS Pipe R&R","B23141321001","08/03/2022 02:00pm","Closed"
"1784987646-991","https://pbsystem.planetbids.com/portal/15300/bo/bo-search","Citywide Executive Recruitment Services","P22081111001","08/02/2022 05:00pm","Awarded"
"1784987646-992","https://pbsystem.planetbids.com/portal/15300/bo/bo-search","Precast Products","B22141451043","07/29/2022 02:00pm","Closed"
"1784987646-993","https://pbsystem.planetbids.com/portal/15300/bo/bo-search","Traffic Signal Safety Project","P22151131028","07/29/2022 02:00pm","Closed"
"1784987646-994","https://pbsystem.planetbids.com/portal/15300/bo/bo-search","Trash Full Capture System Design","P23141311007","07/28/2022 03:00pm","Closed"
"1784987646-995","https://pbsystem.planetbids.com/portal/15300/bo/bo-search","Door Hanger Printing Services for Various City Divisions","B23061521001","07/25/2022 02:00pm","Awarded"
"1784987646-996","https://pbsystem.planetbids.com/portal/15300/bo/bo-search","Irrigation Parts and Components","B22151681038","07/25/2022 02:00pm","Awarded"
"1784987646-997","https://pbsystem.planetbids.com/portal/15300/bo/bo-search","FEMA Interior Drainage Package 2","P23141311006","07/21/2022 03:00pm","Closed"
"1784987646-998","https://pbsystem.planetbids.com/portal/15300/bo/bo-search","Hydrostatic Testing","B23121461001","07/15/2022 02:00pm","Awarded"
"1784987646-999","https://pbsystem.planetbids.com/portal/15300/bo/bo-search","MERV Air Filters for SAFE Credit Union Convention and Performing Arts District","B23171131002","07/14/2022 02:00pm","Awarded"
"1784987646-1000","https://pbsystem.planetbids.com/portal/15300/bo/bo-search","Fong Ranch Park","B22191121017","07/13/2022 02:00pm","Awarded"
"1784987646-1001","https://pbsystem.planetbids.com/portal/15300/bo/bo-search","Landscape Maintenance Services for Sacramento Public Library Authority","SPLBID1160","07/12/2022 03:00pm","Closed"
"1784987646-1002","https://pbsystem.planetbids.com/portal/15300/bo/bo-search","Timber Procurement, Hauling and Stacking for Salmon Habitat Project","B22804101005","07/11/2022 03:00pm","Awarded"
"1784987646-1003","https://pbsystem.planetbids.com/portal/15300/bo/bo-search","Salmonid Habitat Construction - American River, Nimbus Basin Site","P22804101004","07/08/2022 04:00pm","Awarded"
"1784987646-1004","https://pbsystem.planetbids.com/portal/15300/bo/bo-search","Landscape Services - Sumps, Wells & Reservoirs","B22141121042","07/06/2022 02:00pm","Awarded"
"1784987646-1005","https://pbsystem.planetbids.com/portal/15300/bo/bo-search","Crystalline Sodium Fluoride","B22141111032","07/06/2022 02:00pm","Awarded"
"1784987646-1006","https://pbsystem.planetbids.com/portal/15300/bo/bo-search","Quicklime","B22141111029","07/06/2022 02:00pm","Awarded"
"1784987646-1007","https://pbsystem.planetbids.com/portal/15300/bo/bo-search","West El Camino Rehabilitation Project","B22151131027","07/06/2022 02:00pm","Closed"
"1784987646-1008","https://pbsystem.planetbids.com/portal/15300/bo/bo-search","Irrigation Parts and Components","B22151681037","07/06/2022 02:00pm","Closed"
"1784987646-1009","https://pbsystem.planetbids.com/portal/15300/bo/bo-search","Del Paso Blvd Road Diet","B22151131026","07/06/2022 02:00pm","Closed"
"1784987646-1010","https://pbsystem.planetbids.com/portal/15300/bo/bo-search","Employee Assistance Program (EAP)","P22081361004","07/01/2022 08:38pm","Canceled"
"1784987646-1011","https://pbsystem.planetbids.com/portal/15300/bo/bo-search","Request for Qualification On Call Title and Escrow Services","Q22014541001","07/01/2022 02:00pm","Awarded"
"1784987646-1012","https://pbsystem.planetbids.com/portal/15300/bo/bo-search","MSA for Storm Drainage Model Development and Evaluation Consultant Services","Q23141311005","06/29/2022 03:00pm","Canceled"
"1784987646-1013","https://pbsystem.planetbids.com/portal/15300/bo/bo-search","Electric Bicycles-CEC EV Ready Communities Phase II (RE-BID)","B22151921026","06/29/2022 02:00pm","Closed"
"1784987646-1014","https://pbsystem.planetbids.com/portal/15300/bo/bo-search","On-Call Specialty Inspection Services 2022-2025","Q23141311004","06/23/2022 03:00pm","Awarded"
"1784987646-1015","https://pbsystem.planetbids.com/portal/15300/bo/bo-search","34th Street Rehabilitation Project","B22151131025","06/22/2022 02:00pm","Closed"
"1784987646-1016","https://pbsystem.planetbids.com/portal/15300/bo/bo-search","2 Inch Pipe Sign Hardware","B22151931036","06/21/2022 02:00pm","Awarded"
"1784987646-1017","https://pbsystem.planetbids.com/portal/15300/bo/bo-search","On-Call Coating Inspection","Q23141311003","06/16/2022 03:00pm","Awarded"
"1784987646-1018","https://pbsystem.planetbids.com/portal/15300/bo/bo-search","Construction Management & Inspection Services for Downtown Mobility Project","P22151131024","06/13/2022 02:00pm","Closed"
"1784987646-1019","https://pbsystem.planetbids.com/portal/15300/bo/bo-search","Portable Restroom Rentals for City Parks","B22191311005","06/10/2022 02:00pm","Awarded"
"1784987646-1020","https://pbsystem.planetbids.com/portal/15300/bo/bo-search","Source Testing for City Landfill Flares","B22155771006","06/10/2022 02:00pm","Closed"
"1784987646-1021","https://pbsystem.planetbids.com/portal/15300/bo/bo-search","Electric Bicycles-CEC EV Ready Communities Phase II","B22151921023","06/08/2022 02:00pm","Closed"
"1784987646-1022","https://pbsystem.planetbids.com/portal/15300/bo/bo-search","PSAB Roof Restoration Section 1, 7 & 9","B22014541001","06/07/2022 02:00pm","Closed"
"1784987646-1023","https://pbsystem.planetbids.com/portal/15300/bo/bo-search","PSAB Roof Cole Building","B22014541002","06/07/2022 02:00pm","Closed"
"1784987646-1024","https://pbsystem.planetbids.com/portal/15300/bo/bo-search","Waste Management Services for Sacramento Public Library Authority","SPLBID1159","06/03/2022 05:00pm","Awarded"
"1784987646-1025","https://pbsystem.planetbids.com/portal/15300/bo/bo-search","Safety Training & Program Management","B22141211037","06/02/2022 05:00pm","Closed"
"1784987646-1026","https://pbsystem.planetbids.com/portal/15300/bo/bo-search","Stormwater Monitoring and Regulatory Support Services","Q23141311001","06/02/2022 03:00pm","Closed"
"1784987646-1027","https://pbsystem.planetbids.com/portal/15300/bo/bo-search","Comprehensive Flood Management Plan","P23141311002","06/01/2022 03:00pm","Closed"
"1784987646-1028","https://pbsystem.planetbids.com/portal/15300/bo/bo-search","2 Inch Pipe Sign Hardware","B22151931033","06/01/2022 02:00pm","Closed"
"1784987646-1029","https://pbsystem.planetbids.com/portal/15300/bo/bo-search","RPM & Object Markers","B22151931034","06/01/2022 02:00pm","Closed"
"1784987646-1030","https://pbsystem.planetbids.com/portal/15300/bo/bo-search","Aluminum Blanks","B22151931035","06/01/2022 02:00pm","Closed"
"1784987646-1031","https://pbsystem.planetbids.com/portal/15300/bo/bo-search","Fruitridge Road UPRR Tracks to Franklin 48-Inch Drain Replacement","B22141321003","06/01/2022 02:00pm","Closed"
"1784987646-1032","https://pbsystem.planetbids.com/portal/15300/bo/bo-search","Creative Economy Technical Assistance Services","P22171811001","05/31/2022 03:00pm","Closed"
"1784987646-1033","https://pbsystem.planetbids.com/portal/15300/bo/bo-search","R Street & 29th/30th Street Crossings Project","P22151131022","05/27/2022 02:00pm","Closed"
"1784987646-1034","https://pbsystem.planetbids.com/portal/15300/bo/bo-search","West Natomas Central Streetscapes Maintenance","B22151681032","05/25/2022 02:00pm","Closed"
"1784987646-1035","https://pbsystem.planetbids.com/portal/15300/bo/bo-search","Weed Abatement Services for City Owned Vacant Lots","B22151681031","05/25/2022 02:00pm","Closed"
"1784987646-1036","https://pbsystem.planetbids.com/portal/15300/bo/bo-search","Short-term Rental of Heavy Equipment; Gravel Screening and Habitat Construction","B22804101003","05/25/2022 02:00pm","Awarded"
"1784987646-1037","https://pbsystem.planetbids.com/portal/15300/bo/bo-search","Cabrillo Park Irrigation Renovations","B22191121016","05/25/2022 02:00pm","Awarded"
"1784987646-1038","https://pbsystem.planetbids.com/portal/15300/bo/bo-search","Electrical Testing at Various DOU Facilities","P22141311008","05/19/2022 03:00pm","Closed"
"1784987646-1039","https://pbsystem.planetbids.com/portal/15300/bo/bo-search","Chinatown Mall Streetscapes Maintenance","B22151681030","05/18/2022 02:00pm","Closed"
"1784987646-1040","https://pbsystem.planetbids.com/portal/15300/bo/bo-search","5770 Freeport Boulevard Streetscapes Maintenance","B22151681029","05/18/2022 02:00pm","Closed"
"1784987646-1041","https://pbsystem.planetbids.com/portal/15300/bo/bo-search","Private Property Weed Abatement Services","Q22211313001","05/16/2022 04:00pm","Closed"
"1784987646-1042","https://pbsystem.planetbids.com/portal/15300/bo/bo-search","Underwriting Services for Debt Issuances","Q22051011001","05/13/2022 04:00pm","Closed"
"1784987646-1043","https://pbsystem.planetbids.com/portal/15300/bo/bo-search","Combined Sewer System Regulatory Compliance Support  Fiscal Years 2022/2023, 2023/2024 AND 2024/2025","Q22141311007","05/12/2022 03:00pm","Closed"
"1784987646-1044","https://pbsystem.planetbids.com/portal/15300/bo/bo-search","Roadsides/ Ditches Weed Abatement Maintenance Streetscapes Maintenance","B22151681028","05/11/2022 02:00pm","Awarded"
"1784987646-1045","https://pbsystem.planetbids.com/portal/15300/bo/bo-search","Citywide Non-Landscape Medians Streetscapes Maintenance","B22151681027","05/11/2022 02:00pm","Closed"
"1784987646-1046","https://pbsystem.planetbids.com/portal/15300/bo/bo-search","ON-CALL STREETSCAPES MAINTENANCE AND REPAIR","B22151681026","05/11/2022 02:00pm","Closed"
"1784987646-1047","https://pbsystem.planetbids.com/portal/15300/bo/bo-search","Industrial Plumbing Supplies","B22141451028","05/11/2022 02:00pm","Awarded"
"1784987646-1048","https://pbsystem.planetbids.com/portal/15300/bo/bo-search","Northgate Blvd Signal Project","B22151131021","05/11/2022 02:00pm","Closed"
"1784987646-1049","https://pbsystem.planetbids.com/portal/15300/bo/bo-search","Safety Training & Certification","B22141421020","05/10/2022 02:00pm","Awarded"
"1784987646-1050","https://pbsystem.planetbids.com/portal/15300/bo/bo-search","Community Outreach Support and Case Management","Q22231021004","05/09/2022 04:00pm","Closed"
"1784987646-1051","https://pbsystem.planetbids.com/portal/15300/bo/bo-search","Business Case Evaluations for Wastewater Facilities 2022","P22141311006","05/05/2022 03:00pm","Closed"
"1784987646-1052","https://pbsystem.planetbids.com/portal/15300/bo/bo-search","CM Services Del Rio Trail","P22151131020","05/05/2022 11:00am","Closed"
"1784987646-1053","https://pbsystem.planetbids.com/portal/15300/bo/bo-search","Aircraft Maintenance Services","B221100114109","05/04/2022 02:00pm","Closed"
"1784987646-1054","https://pbsystem.planetbids.com/portal/15300/bo/bo-search","Ready Mixed Concrete","B22151651024","05/04/2022 02:00pm","Closed"
"1784987646-1055","https://pbsystem.planetbids.com/portal/15300/bo/bo-search","Bell Avenue Complete Street Rehabilitation Project","B22151131019","05/04/2022 02:00pm","Closed"
"1784987646-1056","https://pbsystem.planetbids.com/portal/15300/bo/bo-search","On-Call Maintenance Services for Sacramento Public Library Authority","SPLBID1158","05/03/2022 05:00pm","Awarded"
"1784987646-1057","https://pbsystem.planetbids.com/portal/15300/bo/bo-search","Trucking Services in Support of Minor Street Repairs","B22151631025","05/03/2022 02:00pm","Closed"
"1784987646-1058","https://pbsystem.planetbids.com/portal/15300/bo/bo-search","EV Blueprint Engagement and Relationship Building","P22151921018","04/29/2022 04:00pm","Closed"
"1784987646-1059","https://pbsystem.planetbids.com/portal/15300/bo/bo-search","EV Blueprint Monitoring and Equity Strategy","P22151921016","04/22/2022 04:00pm","Closed"
"1784987646-1060","https://pbsystem.planetbids.com/portal/15300/bo/bo-search","Broadway Vision Zero","P22151921017","04/22/2022 02:00pm","Closed"
"1784987646-1061","https://pbsystem.planetbids.com/portal/15300/bo/bo-search","On-Scene Hydraulic Hose Fabrication, Replacement and Repair_","B22153311010","04/20/2022 02:00pm","Awarded"
"1784987646-1062","https://pbsystem.planetbids.com/portal/15300/bo/bo-search","Trucking Services in Support of Minor Street Repair","B22151631023","04/19/2022 02:00pm","Closed"
"1784987646-1063","https://pbsystem.planetbids.com/portal/15300/bo/bo-search","Pension Actuary Services","P22061311001","04/15/2022 05:00pm","Awarded"
"1784987646-1064","https://pbsystem.planetbids.com/portal/15300/bo/bo-search","Master Plan Consultant for Sacramento Fire Department","P22121051001","04/15/2022 12:00pm","Closed"
"1784987646-1065","https://pbsystem.planetbids.com/portal/15300/bo/bo-search","Source Water Protection Consultation Services Fiscal Years 2022/2023 and 2023/2024","Q22141311005","04/14/2022 03:00pm","Closed"
"1784987646-1066","https://pbsystem.planetbids.com/portal/15300/bo/bo-search","Irrigation Supplies for Park Operations","B22191311004","04/14/2022 02:00pm","Closed"
"1784987646-1067","https://pbsystem.planetbids.com/portal/15300/bo/bo-search","General Heavy-Duty Truck (over 19,500 lbs. GVWR) Maintenance and Repairs_","B22153311009","04/13/2022 02:00pm","Awarded"
"1784987646-1068","https://pbsystem.planetbids.com/portal/15300/bo/bo-search","Storm Drainage Regulatory Compliance Support Services","Q22141431022","04/12/2022 05:00pm","Awarded"
"1784987646-1069","https://pbsystem.planetbids.com/portal/15300/bo/bo-search","Sump 159 Pump Replacement","B22141324025","04/12/2022 05:00pm","Rejected"
"1784987646-1070","https://pbsystem.planetbids.com/portal/15300/bo/bo-search","Website & Intranet Redesign for Sacramento Public Library Authority","SPLBID1157","04/08/2022 05:00pm","Awarded"
"1784987646-1071","https://pbsystem.planetbids.com/portal/15300/bo/bo-search","Citywide Pool Chemicals","B22191521008","04/08/2022 02:00pm","Awarded"
"1784987646-1072","https://pbsystem.planetbids.com/portal/15300/bo/bo-search","Maintenance and Repair of Curbs, Gutters, Sidewalks, and Related Items","B22151641021","04/06/2022 02:00pm","Awarded"
"1784987646-1073","https://pbsystem.planetbids.com/portal/15300/bo/bo-search","Professional Grade Chainsaws and Related Items","B22151811022","04/06/2022 02:00pm","Awarded"
"1784987646-1074","https://pbsystem.planetbids.com/portal/15300/bo/bo-search","BMW Police Motorcycles","B22153311006","04/06/2022 02:00pm","Awarded"
"1784987646-1075","https://pbsystem.planetbids.com/portal/15300/bo/bo-search","2022 Resurfacing Project","B22151131015","04/06/2022 02:00pm","Closed"
"1784987646-1076","https://pbsystem.planetbids.com/portal/15300/bo/bo-search","Workplace Violence Consultation Services","P220800132102","04/01/2022 03:00pm","Awarded"
"1784987646-1077","https://pbsystem.planetbids.com/portal/15300/bo/bo-search","African American/Black Experience History Project","P21211221008","03/31/2022 05:00pm","Awarded"
"1784987646-1078","https://pbsystem.planetbids.com/portal/15300/bo/bo-search","Iron Fence and Gate Security Enhancements at the SAFE Credit Union Convention Center","B22171131003","03/31/2022 02:00pm","Closed"
"1784987646-1079","https://pbsystem.planetbids.com/portal/15300/bo/bo-search","Printing Services for Multiple City Divisions & SHRA","Q22061521005","03/24/2022 12:00pm","Awarded"
"1784987646-1080","https://pbsystem.planetbids.com/portal/15300/bo/bo-search","Pest Control in City Parks","B22191311003","03/23/2022 02:00pm","Awarded"
"1784987646-1081","https://pbsystem.planetbids.com/portal/15300/bo/bo-search","Cannabis Opportunity Reinvestment and Equity (CORE) Program Equity Study","P22021101007","03/22/2022 05:00pm","Awarded"
"1784987646-1082","https://pbsystem.planetbids.com/portal/15300/bo/bo-search","Dust Off Spraying for Alleys","B22151631020","03/22/2022 02:00pm","Closed"
"1784987646-1083","https://pbsystem.planetbids.com/portal/15300/bo/bo-search","Accela System Consulting Services","P22071011006","03/18/2022 02:00pm","Awarded"
"1784987646-1084","https://pbsystem.planetbids.com/portal/15300/bo/bo-search","Neighborhood Cleanup On-Call Services","Q22155861004","03/17/2022 03:00pm","Awarded"
"1784987646-1085","https://pbsystem.planetbids.com/portal/15300/bo/bo-search","Regency Park Pump Track & Bike Playground Improvements","B22191121015","03/16/2022 02:00pm","Awarded"
"1784987646-1086","https://pbsystem.planetbids.com/portal/15300/bo/bo-search","Temple Avenue Park Improvements (Rebid)","B22191121014","03/16/2022 02:00pm","Awarded"
"1784987646-1087","https://pbsystem.planetbids.com/portal/15300/bo/bo-search","Concession Operator for North Natomas Community Center and Aquatics Complex","P22191521007","03/15/2022 02:00pm","Closed"
"1784987646-1088","https://pbsystem.planetbids.com/portal/15300/bo/bo-search","Short-term Rental of Heavy Equipment; Gravel Screening and Washing Equipment","B22804101002","03/11/2022 02:00pm","Awarded"
"1784987646-1089","https://pbsystem.planetbids.com/portal/15300/bo/bo-search","MC Asset Development","P22141391019","03/10/2022 05:00pm","Awarded"
"1784987646-1090","https://pbsystem.planetbids.com/portal/15300/bo/bo-search","HSIP 8 Mast Arm Signal Improvements","B22151131012","03/09/2022 02:00pm","Closed"
"1784987646-1091","https://pbsystem.planetbids.com/portal/15300/bo/bo-search","Duckhorn Drive Safety Improvement Project","B22151111010","03/09/2022 02:00pm","Closed"
"1784987646-1092","https://pbsystem.planetbids.com/portal/15300/bo/bo-search","On-Call Plan Review, Field Inspection, and/or Permit Processing Services","P21211211006","03/04/2022 05:00pm","Awarded"
"1784987646-1093","https://pbsystem.planetbids.com/portal/15300/bo/bo-search","Park Operations Recreation Supplies","B22191311001","03/03/2022 02:00pm","Closed"
"1784987646-1094","https://pbsystem.planetbids.com/portal/15300/bo/bo-search","Parts and Repairs for Heavy Duty Vehicles","B22153311008","03/02/2022 02:00pm","Rejected"
"1784987646-1095","https://pbsystem.planetbids.com/portal/15300/bo/bo-search","Nielsen Park Renovation","B22191121013","03/02/2022 02:00pm","Closed"
"1784987646-1096","https://pbsystem.planetbids.com/portal/15300/bo/bo-search","Website Design & Development Consulting Services","P22071011005","03/02/2022 02:00pm","Awarded"
"1784987646-1097","https://pbsystem.planetbids.com/portal/15300/bo/bo-search","Official City Newspaper Advertising for Fiscal Year 2022/23","B22061521004","02/28/2022 05:00pm","Awarded"
"1784987646-1098","https://pbsystem.planetbids.com/portal/15300/bo/bo-search","Film and Video Specialist Services","P22171911001","02/25/2022 03:00pm","Awarded"
"1784987646-1099","https://pbsystem.planetbids.com/portal/15300/bo/bo-search","Air Replenishment Unit Testing and Repairs_","B22153311007","02/25/2022 02:00pm","Awarded"
"1784987646-1100","https://pbsystem.planetbids.com/portal/15300/bo/bo-search","Fire Apparatus Maintenance and Repair","B22153311004","02/23/2022 02:00pm","Awarded"
"1784987646-1101","https://pbsystem.planetbids.com/portal/15300/bo/bo-search","Community Garden at Floyd Farms","B22191121012","02/23/2022 02:00pm","Awarded"
"1784987646-1102","https://pbsystem.planetbids.com/portal/15300/bo/bo-search","Cold Water Meters","B22141411018","02/23/2022 02:00pm","Awarded"
"1784987646-1103","https://pbsystem.planetbids.com/portal/15300/bo/bo-search","Development of Standard Operating Procedures (SOP) and Standard Maintenance Procedures (SMP)","Q22141111017","02/22/2022 05:00pm","Awarded"
"1784987646-1104","https://pbsystem.planetbids.com/portal/15300/bo/bo-search","Rubber Sealant Products and Tools","B22151631019","02/22/2022 02:00pm","Closed"
"1784987646-1105","https://pbsystem.planetbids.com/portal/15300/bo/bo-search","Class A (with tanker endorsement) and Class B Unrestricted Driver Training","_B22153311005","02/17/2022 02:00pm","Award Pending"
"1784987646-1106","https://pbsystem.planetbids.com/portal/15300/bo/bo-search","Armored Transportation Services for Citywide Cash Pickups and Deliveries","B22061521003","02/16/2022 02:00pm","Closed"
"1784987646-1107","https://pbsystem.planetbids.com/portal/15300/bo/bo-search","Temple Avenue Park Improvements","B22191121011","02/16/2022 02:00pm","Closed"
"1784987646-1108","https://pbsystem.planetbids.com/portal/15300/bo/bo-search","Media Purchasing Services - New organics recycling program (SB 1383)","P22155711006","02/16/2022 02:00pm","Awarded"
"1784987646-1109","https://pbsystem.planetbids.com/portal/15300/bo/bo-search","Active Shooter Tabletop Exercises for Colleges","P221100141107","02/11/2022 05:00pm","Closed"
"1784987646-1110","https://pbsystem.planetbids.com/portal/15300/bo/bo-search","Technical Rescue Functional Exercises","P221100141106","02/11/2022 05:00pm","Closed"
"1784987646-1111","https://pbsystem.planetbids.com/portal/15300/bo/bo-search","Actuarial Valuation Study for Sacramento Public Library Authority","SPLBID1156","02/11/2022 04:00pm","Awarded"
"1784987646-1112","https://pbsystem.planetbids.com/portal/15300/bo/bo-search","Arts and Entertainment Regulatory Review","P22021811001","02/11/2022 03:00pm","Awarded"
"1784987646-1113","https://pbsystem.planetbids.com/portal/15300/bo/bo-search","On-Call Drilling and Well Installation Services for City Landfills","Q22155771002","02/11/2022 03:00pm","Awarded"
"1784987646-1114","https://pbsystem.planetbids.com/portal/15300/bo/bo-search","Training – Tactical Close Quarter Combat for SWAT","B221100141108","02/09/2022 02:00pm","Canceled"
"1784987646-1115","https://pbsystem.planetbids.com/portal/15300/bo/bo-search","CM Services for Bell Avenue Complete Street Rehab","P22151131014","02/09/2022 02:00pm","Closed"
"1784987646-1116","https://pbsystem.planetbids.com/portal/15300/bo/bo-search","250 Ton Press Brake","B22141141021","02/08/2022 05:00pm","Awarded"
"1784987646-1117","https://pbsystem.planetbids.com/portal/15300/bo/bo-search","Slope Mowing and Weed Abatement Services","B22155771001","02/08/2022 02:00pm","Closed"
"1784987646-1118","https://pbsystem.planetbids.com/portal/15300/bo/bo-search","OpenText Documentum & Captiva Technical Support Service","P22071011004","02/02/2022 02:00pm","Awarded"
"1784987646-1119","https://pbsystem.planetbids.com/portal/15300/bo/bo-search","Coffing Electrical Wire Hoists","B22141161015","02/02/2022 02:00pm","Awarded"
"1784987646-1120","https://pbsystem.planetbids.com/portal/15300/bo/bo-search","RFP for Well Site Feasibility","P22141311004","02/01/2022 03:00pm","Closed"
"1784987646-1121","https://pbsystem.planetbids.com/portal/15300/bo/bo-search","City of Sacramento African American/Black Experience History Project","P21211221007","01/31/2022 04:00pm","Closed"
"1784987646-1122","https://pbsystem.planetbids.com/portal/15300/bo/bo-search","Evidence-Based Community Violence Interruption, Disruption, and Suppression (EBCVIDS) Grant Program (NOFA)","A22231041003","01/28/2022 05:00pm","Closed"
"1784987646-1123","https://pbsystem.planetbids.com/portal/15300/bo/bo-search","Planning Services","P21211221005","01/28/2022 05:00pm","Awarded"
"1784987646-1124","https://pbsystem.planetbids.com/portal/15300/bo/bo-search","Risk Management-Process Safety Management","P22141111013","01/27/2022 05:00pm","Awarded"
"1784987646-1125","https://pbsystem.planetbids.com/portal/15300/bo/bo-search","Meadows Park Phase 2","B22191121010","01/26/2022 02:00pm","Awarded"
"1784987646-1126","https://pbsystem.planetbids.com/portal/15300/bo/bo-search","65th Expressway Streetscapes Maintenance","B22151681018","01/25/2022 02:00pm","Closed"
"1784987646-1127","https://pbsystem.planetbids.com/portal/15300/bo/bo-search","21st Avenue Streetscapes Maintenance","B22151681017","01/25/2022 02:00pm","Closed"
"1784987646-1128","https://pbsystem.planetbids.com/portal/15300/bo/bo-search","Willow Creek Streetscapes Maintenance","B22151681016","01/25/2022 02:00pm","Closed"
"1784987646-1129","https://pbsystem.planetbids.com/portal/15300/bo/bo-search","Pocket Canal Bikeway Maintenance","B22151681015","01/25/2022 02:00pm","Closed"
"1784987646-1130","https://pbsystem.planetbids.com/portal/15300/bo/bo-search","43rd Avenue Streetscapes Maintenance","B22151681014","01/25/2022 02:00pm","Closed"
"1784987646-1131","https://pbsystem.planetbids.com/portal/15300/bo/bo-search","Basic Maintenance Hours – E-rate for Sacramento Public Library Authority","SPLBID1154","01/19/2022 03:00pm","Awarded"
"1784987646-1132","https://pbsystem.planetbids.com/portal/15300/bo/bo-search","Data Transport Service Courtland Library for Sacramento Public Library Authority","SPLBID1155","01/19/2022 03:00pm","Canceled"
"1784987646-1133","https://pbsystem.planetbids.com/portal/15300/bo/bo-search","Northgate Traffic Signal Poles Procurement","B22151131013","01/19/2022 02:00pm","Awarded"
"1784987646-1134","https://pbsystem.planetbids.com/portal/15300/bo/bo-search","Suspects, Tactics & Perimeter Containment","B221100141105","01/19/2022 02:00pm","Closed"
"1784987646-1135","https://pbsystem.planetbids.com/portal/15300/bo/bo-search","South East Commerce Streetscapes Maintenance","B22151681013","01/18/2022 02:00pm","Closed"
"1784987646-1136","https://pbsystem.planetbids.com/portal/15300/bo/bo-search","North Natomas Streetscapes Maintenance","B22151681012","01/18/2022 02:00pm","Closed"
"1784987646-1137","https://pbsystem.planetbids.com/portal/15300/bo/bo-search","North East Commerce Streetscapes Maintenance","B22151681011","01/18/2022 02:00pm","Closed"
"1784987646-1138","https://pbsystem.planetbids.com/portal/15300/bo/bo-search","Base Repair by Cold Planning","B22151631010","01/18/2022 02:00pm","Awarded"
"1784987646-1139","https://pbsystem.planetbids.com/portal/15300/bo/bo-search","All Hazards Incident Management Team Course","B221100141104","01/18/2022 02:00pm","Canceled"
"1784987646-1140","https://pbsystem.planetbids.com/portal/15300/bo/bo-search","FS Brand Fiber Multiplexing Parts and Equipment","B22071011003","01/14/2022 09:00am","Closed"
"1784987646-1141","https://pbsystem.planetbids.com/portal/15300/bo/bo-search","On-Site Non-Potable Water Reuse Strategy","P22141011016","12/31/2021 05:00pm","Awarded"
"1784987646-1142","https://pbsystem.planetbids.com/portal/15300/bo/bo-search","Evidence-Based Community Violence Interruption, Disruption, and Suppression (EBCVIDS) Grant Program (NOFA)","Q22231041002","12/17/2021 05:00pm","Rejected"
"1784987646-1143","https://pbsystem.planetbids.com/portal/15300/bo/bo-search","Valves (Sump 155)","B22141324014","12/15/2021 02:00pm","Canceled"
"1784987646-1144","https://pbsystem.planetbids.com/portal/15300/bo/bo-search","Citywide Non-Landscape Medians Streetscapes Maintenance","B22151681009","12/14/2021 02:00pm","Closed"
"1784987646-1145","https://pbsystem.planetbids.com/portal/15300/bo/bo-search","Guard Rail and Components","B22151931008","12/14/2021 02:00pm","Closed"
"1784987646-1146","https://pbsystem.planetbids.com/portal/15300/bo/bo-search","Pipes (Sump 155)","B22141324012","12/09/2021 05:00pm","Canceled"
"1784987646-1147","https://pbsystem.planetbids.com/portal/15300/bo/bo-search","Aggie Square Workforce Initiative Professional Services","P22021411002","12/09/2021 03:00pm","Closed"
"1784987646-1148","https://pbsystem.planetbids.com/portal/15300/bo/bo-search","Kitchen Countertop Food Waste Collection Containers","P22155771004","12/08/2021 02:00pm","Awarded"
"1784987646-1149","https://pbsystem.planetbids.com/portal/15300/bo/bo-search","Small Compostable Bags for Residential Food Waste Collection Program","B22155771005","12/08/2021 02:00pm","Awarded"
"1784987646-1150","https://pbsystem.planetbids.com/portal/15300/bo/bo-search","FWTP Well Testing and Design","P22141311003","12/07/2021 03:00pm","Closed"
"1784987646-1151","https://pbsystem.planetbids.com/portal/15300/bo/bo-search","CSS Long Term Control Plan Update 2020-2025","P22141311002","12/02/2021 03:00pm","Closed"
"1784987646-1152","https://pbsystem.planetbids.com/portal/15300/bo/bo-search","Evidence-Based Community Violence Intervention (EBCVI) Grant Program (NOFA)","A22231041001","12/01/2021 05:00pm","Closed"
"1784987646-1153","https://pbsystem.planetbids.com/portal/15300/bo/bo-search","Citywide Instructor-led Virtual Training","P22081041001","11/30/2021 03:00pm","Awarded"
"1784987646-1154","https://pbsystem.planetbids.com/portal/15300/bo/bo-search","Detectable Warning Tiles (Truncated Domes)","B22151641007","11/30/2021 02:00pm","Closed"
"1784987646-1155","https://pbsystem.planetbids.com/portal/15300/bo/bo-search","Geographic Information Systems Professional Service Support","P22071011002","11/29/2021 02:00pm","Awarded"
"1784987646-1156","https://pbsystem.planetbids.com/portal/15300/bo/bo-search","Mixed Income Housing Ordinance Review","P21211222004","11/24/2021 04:00pm","Closed"
"1784987646-1157","https://pbsystem.planetbids.com/portal/15300/bo/bo-search","Code Enforcement Towing Services","Q21211313002","11/19/2021 04:00pm","Closed"
"1784987646-1158","https://pbsystem.planetbids.com/portal/15300/bo/bo-search","Subrogation Services","P21081311010","11/19/2021 03:00pm","Awarded"
"1784987646-1159","https://pbsystem.planetbids.com/portal/15300/bo/bo-search","Morrison Creek Revitalization Study","P22151111009","11/19/2021 02:00pm","Closed"
"1784987646-1160","https://pbsystem.planetbids.com/portal/15300/bo/bo-search","Sacramento Grant Liaison - Consultant","P22021011003","11/17/2021 03:00pm","Closed"
"1784987646-1161","https://pbsystem.planetbids.com/portal/15300/bo/bo-search","Law Enforcement Annual Wellness Consultant","P221100147103","11/16/2021 03:00pm","Closed"
"1784987646-1162","https://pbsystem.planetbids.com/portal/15300/bo/bo-search","Financial and Special Tax Consultant","P21061321001","11/16/2021 03:00pm","Awarded"
"1784987646-1163","https://pbsystem.planetbids.com/portal/15300/bo/bo-search","COVID-19 Gift Card Program Administration","P22181031001","11/15/2021 02:00pm","Awarded"
"1784987646-1164","https://pbsystem.planetbids.com/portal/15300/bo/bo-search","Pest Control Services for Sacramento Public Library Authority","SPLBID1153","11/14/2021 05:00pm","Awarded"
"1784987646-1165","https://pbsystem.planetbids.com/portal/15300/bo/bo-search","New Building Electrification Infeasibility Waiver Guidelines and Technical Panel","P21211222003","11/12/2021 04:00pm","Closed"
"1784987646-1166","https://pbsystem.planetbids.com/portal/15300/bo/bo-search","Valley Hi Park Playground Replacement","B22191121009","11/10/2021 02:00pm","Awarded"
"1784987646-1167","https://pbsystem.planetbids.com/portal/15300/bo/bo-search","Utility Bill Print Insert Mail  EBPP","P22141631011","11/09/2021 05:00pm","Awarded"
"1784987646-1168","https://pbsystem.planetbids.com/portal/15300/bo/bo-search","Emergency Housing RFQ","Q21014541002","11/09/2021 02:00pm","Closed"
"1784987646-1169","https://pbsystem.planetbids.com/portal/15300/bo/bo-search","Relief Wells Inspection and Rehabilitation, Phase II","P22141311001","11/08/2021 03:00pm","Closed"
"1784987646-1170","https://pbsystem.planetbids.com/portal/15300/bo/bo-search","Fuel Site Testing, Maintenance and Repair","B22153311003","11/03/2021 02:00pm","Closed"
"1784987646-1171","https://pbsystem.planetbids.com/portal/15300/bo/bo-search","West Silver Eagle Bridge and Overhead Joint Repair","B22151111008","11/03/2021 02:00pm","Closed"
"1784987646-1172","https://pbsystem.planetbids.com/portal/15300/bo/bo-search","Marconi Avenue Overhead Joint Repair","B22151111007","11/03/2021 02:00pm","Closed"
"1784987646-1173","https://pbsystem.planetbids.com/portal/15300/bo/bo-search","2021 Bridge Rehabilitation Project","B22151111006","11/03/2021 02:00pm","Closed"
"1784987646-1174","https://pbsystem.planetbids.com/portal/15300/bo/bo-search","Medium- and Heavy-Duty Towing and Services for Vehicles and Equipment with a GVW of 8,501 pounds and Over","B22153311002","11/03/2021 02:00pm","Closed"
"1784987646-1175","https://pbsystem.planetbids.com/portal/15300/bo/bo-search","Fence - North 12th Street Streetscape","B22151111005","11/03/2021 02:00pm","Closed"
"1784987646-1176","https://pbsystem.planetbids.com/portal/15300/bo/bo-search","River District Park (Rebid)","B22191121008","11/03/2021 02:00pm","Awarded"
"1784987646-1177","https://pbsystem.planetbids.com/portal/15300/bo/bo-search","As Needed Purchase of New Aluminum Sign Blanks","B22151931006","11/02/2021 02:00pm","Closed"
"1784987646-1178","https://pbsystem.planetbids.com/portal/15300/bo/bo-search","Arts & Culture Match Fund Administrator","P22171811001","10/29/2021 05:00pm","Award Pending"
"1784987646-1179","https://pbsystem.planetbids.com/portal/15300/bo/bo-search","Park Way CSS Improvement Project","B22141321002","10/29/2021 03:00pm","Awarded"
"1784987646-1180","https://pbsystem.planetbids.com/portal/15300/bo/bo-search","Benefits Consulting Services","P220800102101","10/22/2021 05:00pm","Awarded"
"1784987646-1181","https://pbsystem.planetbids.com/portal/15300/bo/bo-search","On-Call DOU Operator and Emergency Staffing Support","Q22141111007","10/21/2021 05:00pm","Awarded"
"1784987646-1182","https://pbsystem.planetbids.com/portal/15300/bo/bo-search","Electrical -North 12th Street Streetscape","B22151111004","10/20/2021 02:00pm","Awarded"
"1784987646-1183","https://pbsystem.planetbids.com/portal/15300/bo/bo-search","Residential Landscape Renovation","B22141381010","10/20/2021 02:00pm","Canceled"
"1784987646-1184","https://pbsystem.planetbids.com/portal/15300/bo/bo-search","Freeport Park Irrigation Improvements","B22191121007","10/20/2021 02:00pm","Rejected"
"1784987646-1185","https://pbsystem.planetbids.com/portal/15300/bo/bo-search","Residual Solids Hauling","B22141111008","10/20/2021 02:00pm","Award Pending"
"1784987646-1186","https://pbsystem.planetbids.com/portal/15300/bo/bo-search","Fairbarin Water Treatment Plant Lab Building Exterior Improvements","B21014541009","10/20/2021 02:00pm","Closed"
"1784987646-1187","https://pbsystem.planetbids.com/portal/15300/bo/bo-search","CORE Program Communications, Marketing, and Public-Awareness Campaign Services (Cannabis)","P22021101005","10/18/2021 05:00pm","Awarded"
"1784987646-1188","https://pbsystem.planetbids.com/portal/15300/bo/bo-search","Sacramento COVID-19 Vaccination Campaign","P22021011002","10/15/2021 03:00pm","Award Pending"
"1784987646-1189","https://pbsystem.planetbids.com/portal/15300/bo/bo-search","Police Facilities Streetscapes Maintenance","B22151681006","10/14/2021 02:00pm","Closed"
"1784987646-1190","https://pbsystem.planetbids.com/portal/15300/bo/bo-search","Rubber Products","B22141451009","10/12/2021 05:00pm","Awarded"
"1784987646-1191","https://pbsystem.planetbids.com/portal/15300/bo/bo-search","Rekey Locksmith & Ongoing Maintenance of Best Lock System","P22141211006","10/12/2021 05:00pm","Canceled"
"1784987646-1192","https://pbsystem.planetbids.com/portal/15300/bo/bo-search","Safe Ground / Safe Sheltering Model Programs","Q22230010001","09/30/2021 04:00pm","Closed"
"1784987646-1193","https://pbsystem.planetbids.com/portal/15300/bo/bo-search","Police Facilities Streetscapes Maintenance","B22151681005","09/28/2021 02:00pm","Closed"
"1784987646-1194","https://pbsystem.planetbids.com/portal/15300/bo/bo-search","Vehicle Glass Replacement and Repair","B22153311001","09/24/2021 02:00pm","Awarded"
"1784987646-1195","https://pbsystem.planetbids.com/portal/15300/bo/bo-search","Mangan Pool Resurfacing","B22191521003","09/22/2021 02:00pm","Awarded"
"1784987646-1196","https://pbsystem.planetbids.com/portal/15300/bo/bo-search","Miller Park Restroom Renovation","B22191121006","09/22/2021 02:00pm","Awarded"
"1784987646-1197","https://pbsystem.planetbids.com/portal/15300/bo/bo-search","Administration and Underwriting of Grants and Loans to CORE Local Equity Applicants (Re-issue)","P22021101004","09/21/2021 05:00pm","Closed"
"1784987646-1198","https://pbsystem.planetbids.com/portal/15300/bo/bo-search","Court Reporter Services (Cannabis)","P22021101003","09/17/2021 05:00pm","Rejected"
"1784987646-1199","https://pbsystem.planetbids.com/portal/15300/bo/bo-search","Ballot Consultant","P22141671002","09/17/2021 05:00pm","Awarded"
"1784987646-1200","https://pbsystem.planetbids.com/portal/15300/bo/bo-search","Tactical Medicine Training Course","P221100141102","09/15/2021 02:00pm","Closed"
"1784987646-1201","https://pbsystem.planetbids.com/portal/15300/bo/bo-search","Johnston Pool Resurfacing","B22191521002","09/15/2021 02:00pm","Awarded"
"1784987646-1202","https://pbsystem.planetbids.com/portal/15300/bo/bo-search","Matsui Park Access (Area A)","B22191121005","09/15/2021 02:00pm","Awarded"
"1784987646-1203","https://pbsystem.planetbids.com/portal/15300/bo/bo-search","On-Call Concrete Repairs for Water Storage Structures","Q22141311004","09/14/2021 05:00pm","Awarded"
"1784987646-1204","https://pbsystem.planetbids.com/portal/15300/bo/bo-search","FWTP Backwash Tank Interior Cleaning","P22141311003","09/14/2021 05:00pm","Rejected"
"1784987646-1205","https://pbsystem.planetbids.com/portal/15300/bo/bo-search","Armed Security Services","Q22141222005","09/10/2021 05:00pm","Awarded"
"1784987646-1206","https://pbsystem.planetbids.com/portal/15300/bo/bo-search","CORE Program Communications, Marketing, and Public-Awareness Campaign Services (Cannabis)","P22021101002","09/10/2021 05:00pm","Rejected"
"1784987646-1207","https://pbsystem.planetbids.com/portal/15300/bo/bo-search","TRAFFIC SIGNAL CABINET TS2 TYPE 1","B22151941001","09/09/2021 02:00pm","Awarded"
"1784987646-1208","https://pbsystem.planetbids.com/portal/15300/bo/bo-search","HSIP-9 VALLEY HI AND LA MANCHA SAFETY PROJECT","P22151111003","09/03/2021 02:00pm","Awarded"
"1784987646-1209","https://pbsystem.planetbids.com/portal/15300/bo/bo-search","On-Call Hazardous Waste Transportation Services","Q22141421001","09/02/2021 05:00pm","Canceled"
"1784987646-1210","https://pbsystem.planetbids.com/portal/15300/bo/bo-search","Tanzanite Futsal Courts","B22191121004","09/01/2021 02:00pm","Awarded"
"1784987646-1211","https://pbsystem.planetbids.com/portal/15300/bo/bo-search","28th Street-Sutter's Landing Tenant Improvements","B21014541008","09/01/2021 02:00pm","Closed"
"1784987646-1212","https://pbsystem.planetbids.com/portal/15300/bo/bo-search","River District Park","B22191121003","09/01/2021 02:00pm","Rejected"
"1784987646-1213","https://pbsystem.planetbids.com/portal/15300/bo/bo-search","Administration and Underwriting of Grants and Loans to CORE Local Equity Applicants","P22021101001","08/27/2021 05:00pm","Rejected"
"1784987646-1214","https://pbsystem.planetbids.com/portal/15300/bo/bo-search","Pool Service and Maintenance at North Natomas Community Center and Aquatic Complex","P22191521001","08/27/2021 02:00pm","Awarded"
"1784987646-1215","https://pbsystem.planetbids.com/portal/15300/bo/bo-search","Language Access Policy - Services for assessing the City of Sacramento’s current resources and researching and writing the policy","P22021011001","08/24/2021 04:00pm","Awarded"
"1784987646-1216","https://pbsystem.planetbids.com/portal/15300/bo/bo-search","On Call Demolition (non-emergency)","Q21211311001","08/24/2021 02:00pm","Awarded"
"1784987646-1217","https://pbsystem.planetbids.com/portal/15300/bo/bo-search","Inventory Implementation","P22071011001","08/20/2021 02:00pm","Awarded"
"1784987646-1218","https://pbsystem.planetbids.com/portal/15300/bo/bo-search","FRUITRIDGE ROAD IMPROVEMENTS, PA/ED AND PS&E","P22151111002","08/20/2021 02:00pm","Closed"
"1784987646-1219","https://pbsystem.planetbids.com/portal/15300/bo/bo-search","On-Call General Contracting Services for Park Operation Projects","P22191311001","08/19/2021 02:00pm","Awarded"
"1784987646-1220","https://pbsystem.planetbids.com/portal/15300/bo/bo-search","Franklin Boulevard Complete Street PS&E and ROW","P22151111001","08/18/2021 02:00pm","Awarded"
"1784987646-1221","https://pbsystem.planetbids.com/portal/15300/bo/bo-search","Southside Park Playground Improvements & Restroom Replacement","B22191121002","08/18/2021 02:00pm","Awarded"
"1784987646-1222","https://pbsystem.planetbids.com/portal/15300/bo/bo-search","Power Adaptors, Connectors, and Related Equipment for SAFE Credit Union Convention & Performing Arts District","B22171121001","08/17/2021 02:00pm","Awarded"
"1784987646-1223","https://pbsystem.planetbids.com/portal/15300/bo/bo-search","Type B Street Light Poles","B22151951004","08/16/2021 02:00pm","Closed"
"1784987646-1224","https://pbsystem.planetbids.com/portal/15300/bo/bo-search","Emergency Collapse of Structure","B21211311005","08/16/2021 02:00pm","Awarded"
"1784987646-1225","https://pbsystem.planetbids.com/portal/15300/bo/bo-search","Canada goose and American coot harassment in North Natomas","B22191311001","08/13/2021 02:00pm","Awarded"
"1784987646-1226","https://pbsystem.planetbids.com/portal/15300/bo/bo-search","VEGA D4A Mogul Base 30W 4000K Base Down LED Lamp","B22151951003","08/10/2021 02:00pm","Closed"
"1784987646-1227","https://pbsystem.planetbids.com/portal/15300/bo/bo-search","Lexalite Lindy 424 Acrylic lens, 9” neck","B22151951002","08/10/2021 02:00pm","Closed"
"1784987646-1228","https://pbsystem.planetbids.com/portal/15300/bo/bo-search","Existing Building Electrification Strategy","P21211222002","08/06/2021 04:00pm","Closed"
"1784987646-1229","https://pbsystem.planetbids.com/portal/15300/bo/bo-search","Short-term Rental of Heavy Equipment; Gravel Screening and Washing Equipment (Water Forum)","B22804101001","08/04/2021 02:00pm","Awarded"
"1784987646-1230","https://pbsystem.planetbids.com/portal/15300/bo/bo-search","Groundwater Flush to Waste Project","B22141321001","08/04/2021 02:00pm","Award Pending"
"1784987646-1231","https://pbsystem.planetbids.com/portal/15300/bo/bo-search","Participatory Budgeting Program Evaluation Services","P22021411001","08/03/2021 04:00pm","Awarded"
"1784987646-1232","https://pbsystem.planetbids.com/portal/15300/bo/bo-search","CONSULTING ARBORIST FOR CONCRETE MAINTENANCE PROJECTS","B22151641001","07/29/2021 02:00pm","Awarded"
"1784987646-1233","https://pbsystem.planetbids.com/portal/15300/bo/bo-search","Tahoe Park Pool Restroom Renovation","B22191121001","07/28/2021 02:00pm","Closed"
"1784987646-1234","https://pbsystem.planetbids.com/portal/15300/bo/bo-search","Temporary Fencing (on-call)","B21211311004","07/26/2021 02:00pm","Awarded"
"1784987646-1235","https://pbsystem.planetbids.com/portal/15300/bo/bo-search","Steamers Building Maintenance Platform","B21014541007","07/26/2021 02:00pm","Closed"
"1784987646-1236","https://pbsystem.planetbids.com/portal/15300/bo/bo-search","All Hazards Incident Management Team Course (0305)","B221100141101","07/21/2021 02:00pm","Closed"
"1784987646-1237","https://pbsystem.planetbids.com/portal/15300/bo/bo-search","On-Call Securement Services","B21211311003","07/21/2021 02:00pm","Awarded"
"1784987646-1238","https://pbsystem.planetbids.com/portal/15300/bo/bo-search","Auctioneer Services for Disposal of Surplus","B21061521006","07/21/2021 02:00pm","Awarded"
"1784987646-1239","https://pbsystem.planetbids.com/portal/15300/bo/bo-search","Power Inn Queue Cutter Project","B21151131013","07/21/2021 02:00pm","Closed"
"1784987646-1240","https://pbsystem.planetbids.com/portal/15300/bo/bo-search","Florin Road Vision Zero Safety Project","B21151131014","07/09/2021 02:00pm","Awarded"
"1784987646-1241","https://pbsystem.planetbids.com/portal/15300/bo/bo-search","Pond Maintenance and Testing in City Parks","B21191311009","07/07/2021 02:00pm","Awarded"
"1784987646-1242","https://pbsystem.planetbids.com/portal/15300/bo/bo-search","I-5 and HWY 99 Buffer(s) Landscape Maintenance","B21191311016","07/07/2021 02:00pm","Awarded"
"1784987646-1243","https://pbsystem.planetbids.com/portal/15300/bo/bo-search","HSIP Traffic & Pedestrian Signal Improvements Project","B21151131012","07/07/2021 02:00pm","Closed"
"1784987646-1244","https://pbsystem.planetbids.com/portal/15300/bo/bo-search","Fence Supplies","B21141451051","07/05/2021 03:00pm","Awarded"
"1784987646-1245","https://pbsystem.planetbids.com/portal/15300/bo/bo-search","Hydrofluosilicic Acid 23%","B21141111050","07/05/2021 03:00pm","Awarded"
"1784987646-1246","https://pbsystem.planetbids.com/portal/15300/bo/bo-search","Crystalline Sodium Fluoride (NaF)","B21141111031","07/05/2021 03:00pm","Awarded"
"1784987646-1247","https://pbsystem.planetbids.com/portal/15300/bo/bo-search","SMOG Testing, Parts and Repairs","B21153311008","07/02/2021 09:40am","Awarded"
"1784987646-1248","https://pbsystem.planetbids.com/portal/15300/bo/bo-search","Pressure Washing Sidewalk and Adjacent Slope Walls","B21151631036","06/29/2021 02:00pm","Closed"
"1784987646-1249","https://pbsystem.planetbids.com/portal/15300/bo/bo-search","Liability Claims Administration","P2108131101","06/28/2021 03:00pm","Awarded"
"1784987646-1250","https://pbsystem.planetbids.com/portal/15300/bo/bo-search","Inventory Implementation","P21071011009","06/21/2021 02:00pm","Rejected"
"1784987646-1251","https://pbsystem.planetbids.com/portal/15300/bo/bo-search","As-Needed Equipment Rental","B21151631036","06/18/2021 02:00pm","Awarded"
"1784987646-1252","https://pbsystem.planetbids.com/portal/15300/bo/bo-search","Landfill and Waste Disposal Services","B21151631035","06/16/2021 02:00pm","Closed"
"1784987646-1253","https://pbsystem.planetbids.com/portal/15300/bo/bo-search","PSAB ROOF RESTORATION PHASE II","B21014541004","06/16/2021 02:00pm","Awarded"
"1784987646-1254","https://pbsystem.planetbids.com/portal/15300/bo/bo-search","As-Needed Rental of Tractor, with Boom Mower","B21151631034","06/08/2021 02:00pm","Closed"
"1784987646-1255","https://pbsystem.planetbids.com/portal/15300/bo/bo-search","West Natomas Class 1 Bikeways Maintenance","B21151631033","06/08/2021 02:00pm","Closed"
"1784987646-1256","https://pbsystem.planetbids.com/portal/15300/bo/bo-search","South Sacramento Class 1 Bikeways Maintenance","B21151631032","06/08/2021 02:00pm","Closed"
"1784987646-1257","https://pbsystem.planetbids.com/portal/15300/bo/bo-search","Streetscapes Pest Control","B21151631031","06/08/2021 02:00pm","Closed"
"1784987646-1258","https://pbsystem.planetbids.com/portal/15300/bo/bo-search","Emergency Responder Exercise Scenarios","P211100141114","06/04/2021 05:00pm","Closed"
"1784987646-1259","https://pbsystem.planetbids.com/portal/15300/bo/bo-search","Department-Issued Badges for Fire Department","P21121331002","06/04/2021 12:00pm","Awarded"
"1784987646-1260","https://pbsystem.planetbids.com/portal/15300/bo/bo-search","Armed Security Services","P21141222036","06/02/2021 05:00pm","Rejected"
"1784987646-1261","https://pbsystem.planetbids.com/portal/15300/bo/bo-search","Combined Sewer Optimization Project","B21141321014","06/02/2021 02:00pm","Closed"
"1784987646-1262","https://pbsystem.planetbids.com/portal/15300/bo/bo-search","HISTORIC CITY HALL ROOF RESTORATION","B21014541006","06/02/2021 02:00pm","Awarded"
"1784987646-1263","https://pbsystem.planetbids.com/portal/15300/bo/bo-search","Fire Station 11 Roof Replacement","B21014541005","06/02/2021 02:00pm","Awarded"
"1784987646-1264","https://pbsystem.planetbids.com/portal/15300/bo/bo-search","5th Street Combined Sewer Improvements","B21141321013","06/02/2021 02:00pm","Award Pending"
"1784987646-1265","https://pbsystem.planetbids.com/portal/15300/bo/bo-search","Wastewater Rodder Equipment & Parts","B21141421030","06/02/2021 02:00pm","Awarded"
"1784987646-1266","https://pbsystem.planetbids.com/portal/15300/bo/bo-search","Mid-Sacramento Class 1 Bikeways Maintenance","B21151681030","06/01/2021 02:00pm","Closed"
"1784987646-1267","https://pbsystem.planetbids.com/portal/15300/bo/bo-search","East Natomas Class 1 Bikeways Maintenance","B21151681029","06/01/2021 02:00pm","Closed"
"1784987646-1268","https://pbsystem.planetbids.com/portal/15300/bo/bo-search","Cosumnes River Boulevard Extension Streetscapes Maintenance","B21151681028","06/01/2021 02:00pm","Closed"
"1784987646-1269","https://pbsystem.planetbids.com/portal/15300/bo/bo-search","Arden Expo Streetscapes Maintenance","B21151681027","06/01/2021 02:00pm","Closed"
"1784987646-1270","https://pbsystem.planetbids.com/portal/15300/bo/bo-search","Project Study Report - Project Development Support (PSR/PDS)","P21151131011","05/28/2021 04:00pm","Closed"
"1784987646-1271","https://pbsystem.planetbids.com/portal/15300/bo/bo-search","On-Call Consultant Services for Department of Utilities Engineering & Water Resources Division","Q21141311004","05/27/2021 05:00pm","Awarded"
"1784987646-1272","https://pbsystem.planetbids.com/portal/15300/bo/bo-search","Tahoe Tallac Ballfield Improvements","B21191121023","05/26/2021 02:00pm","Awarded"
"1784987646-1273","https://pbsystem.planetbids.com/portal/15300/bo/bo-search","Participatory Budgeting Consulting Services","P21021411001","05/25/2021 04:00pm","Awarded"
"1784987646-1274","https://pbsystem.planetbids.com/portal/15300/bo/bo-search","Arbitrage Rebate Compliance Services","Q21051011001","05/24/2021 05:00pm","Closed"
"1784987646-1275","https://pbsystem.planetbids.com/portal/15300/bo/bo-search","Insulated Cover and Storage Reel System for Clunie Pool","B21191521002","05/21/2021 02:00pm","Awarded"
"1784987646-1276","https://pbsystem.planetbids.com/portal/15300/bo/bo-search","Quicklime","B21141111032","05/19/2021 02:00pm","Canceled"
"1784987646-1277","https://pbsystem.planetbids.com/portal/15300/bo/bo-search","Residual Solids Hauling","B21141111027","05/19/2021 02:00pm","Canceled"
"1784987646-1278","https://pbsystem.planetbids.com/portal/15300/bo/bo-search","Robertson Park Softball Field Renovation Phase 1","B21191121020","05/19/2021 02:00pm","Awarded"
"1784987646-1279","https://pbsystem.planetbids.com/portal/15300/bo/bo-search","Tree Removal and Pruning Services in City Parks","B21191311012","05/19/2021 02:00pm","Awarded"
"1784987646-1280","https://pbsystem.planetbids.com/portal/15300/bo/bo-search","Airfield Park Phase 2","B21191121021","05/19/2021 02:00pm","Awarded"
"1784987646-1281","https://pbsystem.planetbids.com/portal/15300/bo/bo-search","Capitol Parking Garage Stair Improvements Rebid","B21014541003","05/19/2021 02:00pm","Award Pending"
"1784987646-1282","https://pbsystem.planetbids.com/portal/15300/bo/bo-search","Volumetric Concrete Mix and Delivery","B21141451043","05/18/2021 05:00pm","Canceled"
"1784987646-1283","https://pbsystem.planetbids.com/portal/15300/bo/bo-search","Small Generators Chainsaws","B21141451042","05/18/2021 05:00pm","Awarded"
"1784987646-1284","https://pbsystem.planetbids.com/portal/15300/bo/bo-search","Rubber Products","B21141451041","05/18/2021 05:00pm","Canceled"
"1784987646-1285","https://pbsystem.planetbids.com/portal/15300/bo/bo-search","Diamond Blades and Compaction Equipment","B21141451039","05/18/2021 05:00pm","Awarded"
"1784987646-1286","https://pbsystem.planetbids.com/portal/15300/bo/bo-search","Pipe and Steel Products","B21141451038","05/18/2021 05:00pm","Awarded"
"1784987646-1287","https://pbsystem.planetbids.com/portal/15300/bo/bo-search","Fence Supplies","B21141451037","05/18/2021 05:00pm","Canceled"
"1784987646-1288","https://pbsystem.planetbids.com/portal/15300/bo/bo-search","Commercial Waste Organics Outreach for SB1383","P21155861002","05/18/2021 03:00pm","Awarded"
"1784987646-1289","https://pbsystem.planetbids.com/portal/15300/bo/bo-search","Executive Recruitment Services for Public Library Authority","SPLBID1152","05/14/2021 04:00pm","Canceled"
"1784987646-1290","https://pbsystem.planetbids.com/portal/15300/bo/bo-search","HSIP-9 LAMPASAS AVE AT RIO LINDA BLVD INTERSECTION SAFETY","P21151131010","05/14/2021 02:00pm","Closed"
"1784987646-1291","https://pbsystem.planetbids.com/portal/15300/bo/bo-search","Weed Abatement Services in City Parks and Open Spaces","B21191311017","05/12/2021 02:00pm","Awarded"
"1784987646-1292","https://pbsystem.planetbids.com/portal/15300/bo/bo-search","Pedestrian Islands and Traffic Circles Streetscapes Maintenance","B21151681025","05/12/2021 02:00pm","Closed"
"1784987646-1293","https://pbsystem.planetbids.com/portal/15300/bo/bo-search","Rekey, Locksmith & Ongoing Maintenance of Best Lock System","P21141211023","05/11/2021 05:00pm","Canceled"
"1784987646-1294","https://pbsystem.planetbids.com/portal/15300/bo/bo-search","As-Needed Rental of Tractor, with Boom Mower","B21151631026","05/11/2021 02:00pm","Closed"
"1784987646-1295","https://pbsystem.planetbids.com/portal/15300/bo/bo-search","Landscape Materials in City Parks","B21191311016","05/07/2021 02:00pm","Closed"
"1784987646-1296","https://pbsystem.planetbids.com/portal/15300/bo/bo-search","Shade Canopy Repair, Maintenance, and Replacement in City Parks","B21191311019","05/07/2021 02:00pm","Awarded"
"1784987646-1297","https://pbsystem.planetbids.com/portal/15300/bo/bo-search","SACRAMENTO RIVER PARKWAY","P21151131009","05/07/2021 02:00pm","Closed"
"1784987646-1298","https://pbsystem.planetbids.com/portal/15300/bo/bo-search","City of Sacramento Historic Preservation Public Education Program","P21211221001","05/06/2021 05:00pm","Closed"
"1784987646-1299","https://pbsystem.planetbids.com/portal/15300/bo/bo-search","Street Litter and Recycling Collection, Maintenance and Disposal Services","P21155861001","05/05/2021 03:00pm","Awarded"
"1784987646-1300","https://pbsystem.planetbids.com/portal/15300/bo/bo-search","Pump Outfalls Replacement Project - Package A","B21141321012","05/05/2021 02:00pm","Award Pending"
"1784987646-1301","https://pbsystem.planetbids.com/portal/15300/bo/bo-search","Emergency Medical Services Training","P21121441001","05/03/2021 05:00pm","Awarded"
"1784987646-1302","https://pbsystem.planetbids.com/portal/15300/bo/bo-search","RFP On Call Real Estate Brokerage Services","P21014541002","05/03/2021 03:07pm","Award Pending"
"1784987646-1303","https://pbsystem.planetbids.com/portal/15300/bo/bo-search","Old Sacramento District Landscape Services","B21171911001","05/03/2021 02:00pm","Awarded"
"1784987646-1304","https://pbsystem.planetbids.com/portal/15300/bo/bo-search","City of Sacramento Reconciliation Efforts","P21041011001","04/30/2021 03:00pm","Closed"
"1784987646-1305","https://pbsystem.planetbids.com/portal/15300/bo/bo-search","Web Application Implementation Staffing Services","P21071011008","04/28/2021 02:00pm","Awarded"
"1784987646-1306","https://pbsystem.planetbids.com/portal/15300/bo/bo-search","Active Shooter Threat Assessment Training","P211100141113","04/23/2021 05:00pm","Closed"
"1784987646-1307","https://pbsystem.planetbids.com/portal/15300/bo/bo-search","RFQ: Animal Care Kennel Safety","Q21014541001","04/23/2021 02:00pm","Award Pending"
"1784987646-1308","https://pbsystem.planetbids.com/portal/15300/bo/bo-search","Tree Pruning Services","P21151811003","04/22/2021 02:00pm","Closed"
"1784987646-1309","https://pbsystem.planetbids.com/portal/15300/bo/bo-search","Heavy Duty towing Services for the City of Sacramento","B21211313002","04/21/2021 02:00pm","Closed"
"1784987646-1310","https://pbsystem.planetbids.com/portal/15300/bo/bo-search","Ready-Mixed Concrete","B21151651023","04/21/2021 02:00pm","Closed"
"1784987646-1311","https://pbsystem.planetbids.com/portal/15300/bo/bo-search","Florin Pump Station Improvements","B21141321011","04/21/2021 02:00pm","Closed"
"1784987646-1312","https://pbsystem.planetbids.com/portal/15300/bo/bo-search","Combined Sewer Replacement Block #2","B21141321010","04/21/2021 02:00pm","Awarded"
"1784987646-1313","https://pbsystem.planetbids.com/portal/15300/bo/bo-search","Freeport Blvd. Combined Sewer Replacement (4th Avenue to Bidwell Way)","B21141321009","04/21/2021 02:00pm","Closed"
"1784987646-1314","https://pbsystem.planetbids.com/portal/15300/bo/bo-search","Bing Maloney Golf Course Tree Project","B21191011001","04/20/2021 02:00pm","Awarded"
"1784987646-1315","https://pbsystem.planetbids.com/portal/15300/bo/bo-search","B21141161019_CWTP Chemical Tank Replacement","B21141161019","04/19/2021 05:00pm","Awarded"
"1784987646-1316","https://pbsystem.planetbids.com/portal/15300/bo/bo-search","B21141111017_Submersible Pump & Motor (Wells 91 & 156)","B21141111017","04/19/2021 05:00pm","Awarded"
"1784987646-1317","https://pbsystem.planetbids.com/portal/15300/bo/bo-search","B21141131026_Water Filled Cofferdam","B21141131026","04/19/2021 05:00pm","Awarded"
"1784987646-1318","https://pbsystem.planetbids.com/portal/15300/bo/bo-search","Floodgate Inspections and Technical Support","P21151621002","04/16/2021 04:00pm","Closed"
"1784987646-1319","https://pbsystem.planetbids.com/portal/15300/bo/bo-search","Active Transportation Audits","B21151131008","04/15/2021 04:00pm","Closed"
"1784987646-1320","https://pbsystem.planetbids.com/portal/15300/bo/bo-search","Fair Oaks Triangle Streetscapes Maintenance","B21151681024","04/13/2021 02:00pm","Closed"
"1784987646-1321","https://pbsystem.planetbids.com/portal/15300/bo/bo-search","Water Conservation Outreach/Community Engagement/Communications Program Assistance","Q21141381029","04/08/2021 05:00pm","Awarded"
"1784987646-1322","https://pbsystem.planetbids.com/portal/15300/bo/bo-search","Sacramento Fire Background Investigations","P21121331001","04/07/2021 05:00pm","Award Pending"
"1784987646-1323","https://pbsystem.planetbids.com/portal/15300/bo/bo-search","Johnston Pool Resurfacing","B21191521001","04/07/2021 02:00pm","Closed"
"1784987646-1324","https://pbsystem.planetbids.com/portal/15300/bo/bo-search","Official City Newspaper Advertising","B21061521005","04/07/2021 02:00pm","Awarded"
"1784987646-1325","https://pbsystem.planetbids.com/portal/15300/bo/bo-search","Vehicle Upfit Accessories, Window Tint and Installation","B21153311007","04/07/2021 02:00pm","Awarded"
"1784987646-1326","https://pbsystem.planetbids.com/portal/15300/bo/bo-search","Fong Park Phase 3 - Soccer Field","B21191121018","04/07/2021 02:00pm","Awarded"
"1784987646-1327","https://pbsystem.planetbids.com/portal/15300/bo/bo-search","Utility Lock Box Services","P21141631025","04/06/2021 05:00pm","Awarded"
"1784987646-1328","https://pbsystem.planetbids.com/portal/15300/bo/bo-search","Women and Family Sheltering and Related Service Programs","P21021011002","03/31/2021 04:00pm","Closed"
"1784987646-1329","https://pbsystem.planetbids.com/portal/15300/bo/bo-search","Hagginwood Park Safety Improvements","B21191121017","03/17/2021 02:00pm","Awarded"
"1784987646-1330","https://pbsystem.planetbids.com/portal/15300/bo/bo-search","Sacramento Police Helicopter Training","B211100114113","03/17/2021 02:00pm","Closed"
"1784987646-1331","https://pbsystem.planetbids.com/portal/15300/bo/bo-search","Sacramento Police Digital Recruiting Campaign","B211100109112","03/17/2021 02:00pm","Closed"
"1784987646-1332","https://pbsystem.planetbids.com/portal/15300/bo/bo-search","CSS Pipe Rehab Under I-5","B21141321008","03/17/2021 02:00pm","Closed"
"1784987646-1333","https://pbsystem.planetbids.com/portal/15300/bo/bo-search","Private Property Weed Abatement Services","B21211313001","03/17/2021 02:00pm","Closed"
"1784987646-1334","https://pbsystem.planetbids.com/portal/15300/bo/bo-search","North 16th St. Water Main Interconnects and Abandonment","B21141321007","03/17/2021 02:00pm","Closed"
"1784987646-1335","https://pbsystem.planetbids.com/portal/15300/bo/bo-search","CWTP Sub-B & Sub-L Replacement","B21141321006","03/17/2021 02:00pm","Closed"
"1784987646-1336","https://pbsystem.planetbids.com/portal/15300/bo/bo-search","Uninterrupted Power Supply (UPS)","B21141361024","03/16/2021 03:00pm","Awarded"
"1784987646-1337","https://pbsystem.planetbids.com/portal/15300/bo/bo-search","Software Asset Management (SAM) Professional Service Support","P21071011006","03/15/2021 02:00pm","Awarded"
"1784987646-1338","https://pbsystem.planetbids.com/portal/15300/bo/bo-search","Barandas Park Phase 2B","B21191121014","03/03/2021 02:00pm","Awarded"
"1784987646-1339","https://pbsystem.planetbids.com/portal/15300/bo/bo-search","NORTH 12TH COMPLETE STREET PROJECT","B21151131007","03/03/2021 02:00pm","Closed"
"1784987646-1340","https://pbsystem.planetbids.com/portal/15300/bo/bo-search","Water-Filled Cofferdam","B21141131020","03/02/2021 03:00pm","Canceled"
"1784987646-1341","https://pbsystem.planetbids.com/portal/15300/bo/bo-search","Water Forum Public Outreach Services","P21804101002","03/02/2021 02:00pm","Awarded"
"1784987646-1342","https://pbsystem.planetbids.com/portal/15300/bo/bo-search","Land Mobile Radio Maintenance","P21071011005","02/24/2021 02:00pm","Awarded"
"1784987646-1343","https://pbsystem.planetbids.com/portal/15300/bo/bo-search","Land Mobile Radio Maintenance","P21071011004","02/24/2021 02:00pm","Canceled"
"1784987646-1344","https://pbsystem.planetbids.com/portal/15300/bo/bo-search","North 12 Street Gateway Project","Q211171821001","02/22/2021 11:59pm","Awarded"
"1784987646-1345","https://pbsystem.planetbids.com/portal/15300/bo/bo-search","Gang Prevention and Intervention Taskforce (GPIT) Grant","P22020013001","02/17/2021 05:00pm","Closed"
"1784987646-1346","https://pbsystem.planetbids.com/portal/15300/bo/bo-search","Robla Park Improvements","B21191121013","02/17/2021 02:00pm","Awarded"
"1784987646-1347","https://pbsystem.planetbids.com/portal/15300/bo/bo-search","Pocket Canal Aeration Cabinet Installation","B21141321005","02/12/2021 05:00pm","Closed"
"1784987646-1348","https://pbsystem.planetbids.com/portal/15300/bo/bo-search","Historic City Hall Color LED","B21014541001","02/12/2021 02:00pm","Awarded"
"1784987646-1349","https://pbsystem.planetbids.com/portal/15300/bo/bo-search","Sacramento Softball Complex Irrigation Improvements","B21191311004","02/12/2021 02:00pm","Awarded"
"1784987646-1350","https://pbsystem.planetbids.com/portal/15300/bo/bo-search","Shade Canopy Maintenance in City Parks","B21191311008","02/05/2021 02:00pm","Closed"
"1784987646-1351","https://pbsystem.planetbids.com/portal/15300/bo/bo-search","Lab Equipment Maintenance and Service","B21141371022","02/04/2021 05:00pm","Awarded"
"1784987646-1352","https://pbsystem.planetbids.com/portal/15300/bo/bo-search","On-Call COVID-19 Testing for City Employees","P21061521004","02/04/2021 03:00pm","Award Pending"
"1784987646-1353","https://pbsystem.planetbids.com/portal/15300/bo/bo-search","Old Sacramento Discarded Materials Collection Services and Programs RFP","P21171911001","02/03/2021 03:00pm","Closed"
"1784987646-1354","https://pbsystem.planetbids.com/portal/15300/bo/bo-search","Master List On-Call General Contracting Services RFQ","Q20014541004","01/28/2021 02:00pm","Awarded"
"1784987646-1355","https://pbsystem.planetbids.com/portal/15300/bo/bo-search","Uniform Rental and Laundry Services for Public Library Authority","SPLBID1151","01/26/2021 03:00pm","Awarded"
"1784987646-1356","https://pbsystem.planetbids.com/portal/15300/bo/bo-search","Landscape Maintenance in City Parks","B21191311003","01/20/2021 02:00pm","Awarded"
"1784987646-1357","https://pbsystem.planetbids.com/portal/15300/bo/bo-search","WASTEWATER TREATMENT PLANT HVAC UPGRADE","B20014541008","01/20/2021 02:00pm","Awarded"
"1784987646-1358","https://pbsystem.planetbids.com/portal/15300/bo/bo-search","Trash and Debris Removal Services","B20211313001","01/15/2021 02:00pm","Closed"
"1784987646-1359","https://pbsystem.planetbids.com/portal/15300/bo/bo-search","Commercial Corridors Transportation Plans","P21151131005","01/15/2021 02:00pm","Closed"
"1784987646-1360","https://pbsystem.planetbids.com/portal/15300/bo/bo-search","Parking Support Center Modernization Remodel","Q20014541003","01/14/2021 02:00pm","Awarded"
"1784987646-1361","https://pbsystem.planetbids.com/portal/15300/bo/bo-search","Internet Service and Equipment E-Rate – YR 2021 (24) - Public Library","SPLBID1149","01/12/2021 03:00pm","Awarded"
"1784987646-1362","https://pbsystem.planetbids.com/portal/15300/bo/bo-search","Firewall Appliance - E-rate YR 2021 (YR 24) - Public Library","SPLBID1148","01/12/2021 03:00pm","Awarded"
"1784987646-1363","https://pbsystem.planetbids.com/portal/15300/bo/bo-search","Network Equipment – YR 2021 (YR24) - Public Library","SPLBID1147","01/12/2021 03:00pm","Awarded"
"1784987646-1364","https://pbsystem.planetbids.com/portal/15300/bo/bo-search","Sacramento Police Less Lethal Munitions","B211100136111","01/11/2021 05:00pm","Closed"
"1784987646-1365","https://pbsystem.planetbids.com/portal/15300/bo/bo-search","William Land Park Mow Strip & Jogging Path PH5 Installation","B21191311005","01/06/2021 02:00pm","Awarded"
"1784987646-1366","https://pbsystem.planetbids.com/portal/15300/bo/bo-search","MEISTER TRACT STREETLIGHTING REPLACEMENT PROJECT","B21151131006","01/06/2021 02:00pm","Canceled"
"1784987646-1367","https://pbsystem.planetbids.com/portal/15300/bo/bo-search","MEISTER TRACT STREETLIGHTING REPLACEMENT PROJECT","B21151131006","01/06/2021 02:00pm","Closed"
"1784987646-1368","https://pbsystem.planetbids.com/portal/15300/bo/bo-search","Trash and Debris Abatement Services for Various Park Sites and Trails","B21191311006","01/04/2021 02:00pm","Awarded"
"1784987646-1369","https://pbsystem.planetbids.com/portal/15300/bo/bo-search","Wood Chip Replacement Material and Pneumatic (Blow-in) Installation in City Parks","B21191311007","01/04/2021 02:00pm","Awarded"
"1784987646-1370","https://pbsystem.planetbids.com/portal/15300/bo/bo-search","Suspects, Tactics & Perimeter Containers Course","B211100141110","12/21/2020 05:00pm","Closed"
"1784987646-1371","https://pbsystem.planetbids.com/portal/15300/bo/bo-search","Del Paso Regional Park Vegetation Control Services","B21191311010","12/18/2020 02:00pm","Awarded"
"1784987646-1372","https://pbsystem.planetbids.com/portal/15300/bo/bo-search","Capitol Mall Revitalization Project","P21151131004","12/18/2020 02:00pm","Closed"
"1784987646-1373","https://pbsystem.planetbids.com/portal/15300/bo/bo-search","Landscape Materials in City Parks","B21191311002","12/16/2020 02:00pm","Rejected"
"1784987646-1374","https://pbsystem.planetbids.com/portal/15300/bo/bo-search","Rescue Systems 3: Awareness Course Training","B211100141109","12/14/2020 05:00pm","Closed"
"1784987646-1375","https://pbsystem.planetbids.com/portal/15300/bo/bo-search","Employment Verifications Services","P21081021001","12/11/2020 05:00pm","Closed"
"1784987646-1376","https://pbsystem.planetbids.com/portal/15300/bo/bo-search","Biohazard Remediation Services","P21081011002","12/09/2020 05:00pm","Awarded"
"1784987646-1377","https://pbsystem.planetbids.com/portal/15300/bo/bo-search","Citywide Executive Recruitment Services","P21081041001","12/08/2020 03:00pm","Closed"
"1784987646-1378","https://pbsystem.planetbids.com/portal/15300/bo/bo-search","Commodity Bid for Purchase of Temporary Traffic Control Devices and Signs","B21151931023","12/07/2020 02:00pm","Closed"
"1784987646-1379","https://pbsystem.planetbids.com/portal/15300/bo/bo-search","Freeway Underpass Maintenance","B21151681022","12/02/2020 02:00pm","Closed"
"1784987646-1380","https://pbsystem.planetbids.com/portal/15300/bo/bo-search","Combined Sewer Replacement Block #3","B21141321004","12/02/2020 02:00pm","Closed"
"1784987646-1381","https://pbsystem.planetbids.com/portal/15300/bo/bo-search","Clunie Pool Heating System","B21191121010","12/02/2020 02:00pm","Rejected"
"1784987646-1382","https://pbsystem.planetbids.com/portal/15300/bo/bo-search","24th St Combined Sewer System (CSS) In-Line Storage Pipe and the 25th and W St CSS Storage Facility","P21141311003","11/25/2020 05:00pm","Closed"
"1784987646-1383","https://pbsystem.planetbids.com/portal/15300/bo/bo-search","Tactical First Aid Training","B211100141108","11/23/2020 05:00pm","Closed"
"1784987646-1384","https://pbsystem.planetbids.com/portal/15300/bo/bo-search","Periodical Database Package - Public Library","SPLBID1146","11/23/2020 03:00pm","Awarded"
"1784987646-1385","https://pbsystem.planetbids.com/portal/15300/bo/bo-search","Sacramento Police Rifles for Training Division","B211100136107","11/20/2020 05:00pm","Closed"
"1784987646-1386","https://pbsystem.planetbids.com/portal/15300/bo/bo-search","Sacramento Softball Complex Irrigation Improvements","B21191311001","11/20/2020 02:00pm","Rejected"
"1784987646-1387","https://pbsystem.planetbids.com/portal/15300/bo/bo-search","Physical Fitness Program Administrator Bid","B211100105107","11/18/2020 02:00pm","Closed"
"1784987646-1388","https://pbsystem.planetbids.com/portal/15300/bo/bo-search","Towing and Roadside Services for Light Duty Vehicles (GVWRunder 8,500 pounds","B21153311006","11/18/2020 02:00pm","Awarded"
"1784987646-1389","https://pbsystem.planetbids.com/portal/15300/bo/bo-search","Winn Park Building Remodel","B20014541007","11/18/2020 02:00pm","Awarded"
"1784987646-1390","https://pbsystem.planetbids.com/portal/15300/bo/bo-search","Swanston Fountain","B21191121009","11/18/2020 02:00pm","Awarded"
"1784987646-1391","https://pbsystem.planetbids.com/portal/15300/bo/bo-search","Original Equipment Manufacturer (OEM) Parts and Repairs for Off Road Equipment","B21153311005","11/18/2020 02:00pm","Awarded"
"1784987646-1392","https://pbsystem.planetbids.com/portal/15300/bo/bo-search","Original Equipment Manufacturer (OEM) Parts and Repairs for Heavy Duty Vehicles","B21153311004","11/18/2020 02:00pm","Awarded"
"1784987646-1393","https://pbsystem.planetbids.com/portal/15300/bo/bo-search","Original Equipment Manufacturer (OEM) Parts and Repairs for Light and Medium Duty Vehicles","B21153311003","11/18/2020 02:00pm","Awarded"
"1784987646-1394","https://pbsystem.planetbids.com/portal/15300/bo/bo-search","On Call Landscape Contracting Services-Residential Garden Conversion Program","P21141381014","11/17/2020 05:00pm","Canceled"
"1784987646-1395","https://pbsystem.planetbids.com/portal/15300/bo/bo-search","Fats, Oils & Grease Customer Education Program","Q21141061012","11/17/2020 05:00pm","Awarded"
"1784987646-1396","https://pbsystem.planetbids.com/portal/15300/bo/bo-search","Burlap Sandbags","B21151631021","11/17/2020 02:00pm","Closed"
"1784987646-1397","https://pbsystem.planetbids.com/portal/15300/bo/bo-search","Vertical Turbine Pump","B21141451011","11/16/2020 01:00pm","Closed"
"1784987646-1398","https://pbsystem.planetbids.com/portal/15300/bo/bo-search","LED Lights","B21141361018","11/13/2020 05:00pm","Awarded"
"1784987646-1399","https://pbsystem.planetbids.com/portal/15300/bo/bo-search","Armed Security Services","P21141222015","11/12/2020 05:00pm","Canceled"
"1784987646-1400","https://pbsystem.planetbids.com/portal/15300/bo/bo-search","Professional-Grade Chainsaws and Related Items","B20151811020","11/12/2020 02:00pm","Closed"
"1784987646-1401","https://pbsystem.planetbids.com/portal/15300/bo/bo-search","Rescue Systems 3: Awareness Course Training","B211100141106","11/10/2020 05:00pm","Closed"
"1784987646-1402","https://pbsystem.planetbids.com/portal/15300/bo/bo-search","Critical Incident Response for Officers & Supervisors Training Courses","B211100141105","11/10/2020 05:00pm","Closed"
"1784987646-1403","https://pbsystem.planetbids.com/portal/15300/bo/bo-search","S290 – Intermediate Wildland Fire Behavior Training","B211100141104","11/10/2020 05:00pm","Closed"
"1784987646-1404","https://pbsystem.planetbids.com/portal/15300/bo/bo-search","Railyards Boulevard Streetscapes Maintenance","B21151681019","11/09/2020 02:00pm","Closed"
"1784987646-1405","https://pbsystem.planetbids.com/portal/15300/bo/bo-search","Junk Removal Services - Public Library","SPLBID1145","11/02/2020 04:00pm","Awarded"
"1784987646-1406","https://pbsystem.planetbids.com/portal/15300/bo/bo-search","Parking Garages and Lots Streetscapes Maintenance","B21151681018","10/29/2020 02:00pm","Closed"
"1784987646-1407","https://pbsystem.planetbids.com/portal/15300/bo/bo-search","Freeway Underpass Maintenance","B21151681017","10/29/2020 02:00pm","Closed"
"1784987646-1408","https://pbsystem.planetbids.com/portal/15300/bo/bo-search","Lower American River Site Permit Services","Q218044101001","10/26/2020 03:00pm","Awarded"
"1784987646-1409","https://pbsystem.planetbids.com/portal/15300/bo/bo-search","Insurance Brokerage Services","P210281011001","10/23/2020 03:00pm","Awarded"
"1784987646-1410","https://pbsystem.planetbids.com/portal/15300/bo/bo-search","Maintenance Connection Asset Development","P21141351016","10/22/2020 05:00pm","Canceled"
"1784987646-1411","https://pbsystem.planetbids.com/portal/15300/bo/bo-search","Sacramento Police Background Investigations","P211100136102","10/22/2020 05:00pm","Closed"
"1784987646-1412","https://pbsystem.planetbids.com/portal/15300/bo/bo-search","Oki Park Playground Renovation (PN: L19186300)","B21191121008","10/21/2020 02:00pm","Awarded"
"1784987646-1413","https://pbsystem.planetbids.com/portal/15300/bo/bo-search","Floor Cleaning Services - Public Library","SPLBID1144","10/19/2020 04:00pm","Awarded"
"1784987646-1414","https://pbsystem.planetbids.com/portal/15300/bo/bo-search","Sacramento Health Heart and Mind Collaborative","P2117001851001","10/16/2020 05:00pm","Awarded"
"1784987646-1415","https://pbsystem.planetbids.com/portal/15300/bo/bo-search","Tahoe Tallac Park Ballfield Improvements (PN: L19192105)","B21191121007","10/14/2020 02:00pm","Rejected"
"1784987646-1416","https://pbsystem.planetbids.com/portal/15300/bo/bo-search","Lumber and Miscellaneous Hardware","B211214210001","10/12/2020 03:00pm","Closed"
"1784987646-1417","https://pbsystem.planetbids.com/portal/15300/bo/bo-search","Council Redistricting Mapping Application","P21071011003","10/08/2020 02:00pm","Awarded"
"1784987646-1418","https://pbsystem.planetbids.com/portal/15300/bo/bo-search","Commodity Bid for Ornamental Street Light Poles","B21151951001","10/07/2020 02:00pm","Closed"
"1784987646-1419","https://pbsystem.planetbids.com/portal/15300/bo/bo-search","Animal Care Landscape Maintenance","B21151681016","10/06/2020 02:00pm","Closed"
"1784987646-1420","https://pbsystem.planetbids.com/portal/15300/bo/bo-search","300 Richards Boulevard Landscape Maintenance","B21151681015","10/06/2020 02:00pm","Closed"
"1784987646-1421","https://pbsystem.planetbids.com/portal/15300/bo/bo-search","Type B Street Light Poles Commodity Bid","B21151951003","10/06/2020 02:00pm","Closed"
"1784987646-1422","https://pbsystem.planetbids.com/portal/15300/bo/bo-search","Type A Street Light Poles Commodity Bid","B21151951002","10/06/2020 02:00pm","Closed"
"1784987646-1423","https://pbsystem.planetbids.com/portal/15300/bo/bo-search","Southside Park Pond Rehab (PN: L19162501)","B21191121006","09/30/2020 02:00pm","Closed"
"1784987646-1424","https://pbsystem.planetbids.com/portal/15300/bo/bo-search","Physical Fitness Program Administrator for Police Department","P211100105103","09/29/2020 05:00pm","Closed"
"1784987646-1425","https://pbsystem.planetbids.com/portal/15300/bo/bo-search","Village Garden Streetscapes Maintenance","B21151681009","09/29/2020 02:00pm","Closed"
"1784987646-1426","https://pbsystem.planetbids.com/portal/15300/bo/bo-search","Nuevo Streetscapes Maintenance","B21151681010","09/29/2020 02:00pm","Closed"
"1784987646-1427","https://pbsystem.planetbids.com/portal/15300/bo/bo-search","Mid-Central Streetscapes Maintenance","B21151681013","09/29/2020 02:00pm","Closed"
"1784987646-1428","https://pbsystem.planetbids.com/portal/15300/bo/bo-search","Howe Avenue Streetscapes Maintenance","B21151681011","09/29/2020 02:00pm","Closed"
"1784987646-1429","https://pbsystem.planetbids.com/portal/15300/bo/bo-search","Downtown Streetscapes Maintenance","B21151681012","09/29/2020 02:00pm","Closed"
"1784987646-1430","https://pbsystem.planetbids.com/portal/15300/bo/bo-search","Capitol City Streetscapes Maintenance","B21151681014","09/29/2020 02:00pm","Closed"
"1784987646-1431","https://pbsystem.planetbids.com/portal/15300/bo/bo-search","Podiums for the SAFE Credit Union Convention Center","B21171131004","09/24/2020 02:00pm","Closed"
"1784987646-1432","https://pbsystem.planetbids.com/portal/15300/bo/bo-search","Theatrical Equipment for the SAFE Credit Union Performing Arts Center","B21171121002","09/22/2020 02:00pm","Canceled"
"1784987646-1433","https://pbsystem.planetbids.com/portal/15300/bo/bo-search","Pannell Community Center Multi Purpose Room Flooring","B20014541006","09/16/2020 02:00pm","Awarded"
"1784987646-1434","https://pbsystem.planetbids.com/portal/15300/bo/bo-search","Northborough Streetscapes Maintenance","B21151681008","09/15/2020 02:00pm","Closed"
"1784987646-1435","https://pbsystem.planetbids.com/portal/15300/bo/bo-search","North Truxel Streetscapes Maintenance","B21151681007","09/15/2020 02:00pm","Closed"
"1784987646-1436","https://pbsystem.planetbids.com/portal/15300/bo/bo-search","Arden Connector Streetscapes Maintenance","B21151681006","09/15/2020 02:00pm","Closed"
"1784987646-1437","https://pbsystem.planetbids.com/portal/15300/bo/bo-search","Point of Sale Cashiering System Upgrade","P21071101101","09/10/2020 05:00pm","Awarded"
"1784987646-1438","https://pbsystem.planetbids.com/portal/15300/bo/bo-search","Meadowview Annex Warehouse Roof Replacement","B20014541005","09/09/2020 02:00pm","Awarded"
"1784987646-1439","https://pbsystem.planetbids.com/portal/15300/bo/bo-search","Meister Tract Streetlighting Replacement Project-Pole Procurement","B21151131003","09/09/2020 02:00pm","Awarded"
"1784987646-1440","https://pbsystem.planetbids.com/portal/15300/bo/bo-search","Del Paso Boulevard Infrastructure Needs Assessment and Implemenation Plan","P21020014003","09/08/2020 04:00pm","Closed"
